First Name,Last Name,Age,Date,City
Laura,Chapman,55,2021-03-01,Timothystad
Lacey,Gallegos,60,2020-06-12,Jonathanville
Thomas,Delgado,42,2020-06-14,Cainburgh
Joe,Watson,50,2020-06-16,South Kevin
Cindy,Harvey,50,2020-06-18,Davisfurt
Rita,Cook,41,2024-01-16,North Julieberg
Travis,Reese,42,2020-06-28,Lopezbury
John,Torres,24,2025-03-22,Tamaraville
Kevin,Reeves,55,2020-06-20,Monicaside
Christopher,Jones,41,2020-06-22,South Jeremiahfurt
Julie,Reynolds,43,2020-06-24,Laurenland
Michael,Mack,52,2020-06-26,South Dennis
Robert,Merritt,43,2020-06-28,Changstad
Stacy,Page,53,2020-06-30,Andersonchester
Kathryn,Fox,53,2020-07-02,Coxside
Ryan,Foster,47,2020-07-04,['Timothystad']
Sherri,Proctor,57,2020-07-06,Garystad
Megan,Palmer,44,2024-05-12,Merrittland
Austin,Williamson,38,2020-07-08,North Alejandra
Jennifer,Grimes,44,2020-07-10,Smithchester
Jennifer,Edwards,33,2020-07-12,['North Kellyland']
Erica,Carrillo,35,2020-07-14,South Mariah
Jonathan,Hunter,24,2020-07-16,Cathyhaven
Jesse,Lane,20,2020-07-18,West Jeanetteshire
Ryan,Salinas,20,2025-02-28,Coxside
Kevin,Patterson,29,2020-07-20,East Eugene
Heidi,Scott,26,2020-07-22,South James
Jamie,Miller,32,2020-07-24,New Andrew
Laurie,Roberson,57,2020-07-26,Tracyhaven
Jacob,Thompson,37,2020-07-28,Dodsonmouth
Mandy,Hudson,35,2020-07-30,Stephensburgh
Jennifer,Stevens,22,2020-08-01,East Nicholas
Douglas,Peters,31,2021-01-01,Rachaeltown
Darren,Navarro,35,2020-08-03,New Christina
Elizabeth,Ford,43,2020-08-05,North Christine
Amber,Watkins,24,2020-08-07,Williamsfort
Katrina,Peterson,37,2020-08-09,['Lestermouth']
Peter,Ellis,34,2020-08-11,New Kathyborough
Joseph,Perkins,59,2020-08-13,Brucehaven
Kelly,Butler,42,2020-08-15,['Davisfurt']
Tiffany,Nelson,46,2020-08-17,Shannonland
Robert,Bauer,33,2020-08-19,Paulbury
Tom,Sampson,47,2020-08-21,Caseville
Robert,Glover,23,2020-08-23,East Alexandra
Emily,Wyatt,41,2020-08-25,Amberview
Jimmy,Matthews,48,2020-08-27,Leslieview
Theodore,Davila,25,2020-08-29,Amandaberg
Karen,Klein,20,2020-08-31,Johnsonstad
Howard,Navarro,51,2020-09-02,Lake Sandratown
Vincent,Sullivan,37,2020-09-04,Christinemouth
Alejandro,Jenkins,23,2020-09-06,Port Stevemouth
Jessica,James,34,2020-09-08,East Scottfort
Stephanie,Whitehead,41,2020-09-10,New Scottmouth
Sherry,Mills,32,2020-09-12,Reedtown
Lisa,Parks,28,2020-09-14,South Anthonyberg
Alicia,Rogers,23,2020-09-16,North Dustintown
Ariana,Guerrero,53,2020-09-18,Priceland
Joe,Cook,39,2020-09-20,South Dylan
Lori,Young,54,2022-08-14,['South Michelle']
Samuel,Cortez,38,2020-09-22,Kyleport
Clinton,Palmer,48,2024-03-02,Arthurville
James,Lewis,32,2020-09-24,South Johnathanton
Jacqueline,Morgan,56,2020-09-26,Johnburgh
Lisa,Rose,25,2020-09-28,Dayview
Karina,Stewart,40,2020-09-30,Stephenstad
Cameron,Wise,56,2020-10-02,Lake Cody
Brandi,Allen,46,2020-10-04,Contrerasberg
Jennifer,Yoder,21,2020-10-06,East Mary
Tamara,Yates,22,2023-01-24,Stevenport
Tammy,Long,37,2020-10-08,Perryborough
Kimberly,Stanton,56,2020-10-10,New Tiffany
Marilyn,Ruiz,53,2020-10-12,East Paulshire
Bonnie,Glover,29,2020-10-14,New Stevenview
Jeremy,Moran,50,2020-10-16,Port Joseph
Amanda,Foster,43,2020-10-18,New Henrystad
Michelle,Gray,60,2020-10-20,Meyerborough
James,Stephens,37,2022-06-26,Michaelfort
Cynthia,Walker,38,2022-10-07,New Robertshire
Denise,Vega,27,2020-10-22,West Sara
Adam,Woodward,27,2020-10-24,Johnsonport
Clayton,Roberts,43,2020-10-26,Stephenmouth
Jordan,Davidson,59,2020-10-28,Port Paulashire
Kayla,Sampson,59,2020-10-30,Chavezland
Curtis,Jackson,23,2020-11-01,Stewartborough
Cheryl,Davis,52,2020-11-03,North Helenmouth
Ashley,Miller,24,2020-11-05,Lake Gwendolyn
Kristen,Johnson,47,2020-11-07,Adamsview
Angel,Myers,23,2020-11-09,Warrenburgh
James,Barber,55,2020-11-11,Gregoryfort
Sandra,Pearson,36,2020-11-13,Christopherbury
Tyrone,Griffin,29,2020-11-15,Fisherstad
Vanessa,Townsend,51,2020-11-17,Lake Sarah
Melanie,Estes,39,2020-11-19,Carrtown
Tiffany,Cobb,32,2020-11-21,Elizabethmouth
Susan,Powell,29,2020-11-23,Heatherberg
Michael,Smith,55,2020-11-25,Robinsonberg
Travis,Silva Dds,37,2020-11-27,South Jenniferberg
Gavin,White,60,2021-04-02,Leonardland
Gloria,Hernandez,44,2020-11-29,Lindseyview
Mary,Tran,55,2020-12-01,Port Rebekah
Cynthia,Marshall,24,2020-12-03,Sheafurt
Lauren,Jimenez,27,2020-12-05,South Chelsey
Rachel,Roman,44,2020-05-28,Port Amandaton
Michelle,Lee,42,2022-07-03,North Joshua
Sheila,Dillon,48,2020-12-07,Simpsonstad
Tracy,Huynh,31,2020-12-09,West Paulstad
Heather,Alexander,44,2020-12-11,North Connie
James,Clements,34,2020-12-13,['Sanderstown']
Renee,White,21,2020-12-15,Margaretview
James,Thompson,29,2020-12-17,Kaylaside
Kelly,Allen,49,2020-12-19,Torresburgh
Julie,Reyes,34,2020-12-21,Carrollshire
Krista,Nelson,34,2020-12-23,Jamesmouth
Donald,Arnold,31,2020-12-25,West Jacobton
Kevin,Vasquez,60,2020-12-27,New Melissa
Renee,Dean,43,2020-12-29,Lanefort
Dana,Rodriguez,57,2020-12-31,Port Robert
Lori,Cortez,37,2021-01-02,Masonland
Sara,Davis,44,2021-01-04,Troyview
Kristin,Garcia,49,2021-01-06,['Larsenshire']
Rose,Young,42,2021-01-08,East Michellechester
Carrie,Baker,22,2021-01-10,North Stephanieberg
Nathaniel,Pena,47,2021-01-12,Burgessland
Mr.,Matthew Barnes,56,2021-01-14,East Eric
Heather,Joyce,25,2022-01-23,Lake Steven
Jerry,Davis,27,2021-01-16,New Angela
Philip,Taylor,53,2021-01-18,New Jerryville
Erin,Richards,42,2021-01-20,Michelleview
Jennifer,Jordan,47,2021-01-22,Justinside
Daniel,Hester,53,2021-01-24,Santiagoport
William,Wright,30,2021-01-26,Jessicaborough
Nancy,Wilkinson,60,2021-01-28,East Barbara
Karen,Jackson,21,2021-01-30,West Samanthatown
Bianca,Morgan,54,2021-02-01,Nancybury
Mitchell,Lane,52,2021-02-03,North Steven
Elizabeth,Rivas,31,2021-02-05,Bonniechester
Shannon,Stone,30,2021-02-07,Anthonyshire
Mary,Zimmerman,31,2021-02-09,Brownfurt
Heather,Boyd,43,2021-02-11,Sanderstown
Shannon,Rowe,44,2021-02-13,Obrienton
Vanessa,Jacobs,56,2021-02-15,East Justinville
Edward,Short,54,2021-02-17,Mcdanielburgh
Thomas,Taylor,44,2024-11-17,New Kristinbury
Melissa,Wells,26,2021-02-19,East Angela
Frank,Anthony,40,2021-02-21,West Kimberly
Gina,Parker,34,2021-02-23,Kimberlyport
Sarah,Harris Dds,27,2021-02-25,East Melissa
Ivan,Perez,32,2022-01-13,Port Michael
James,Santiago,27,2021-02-27,West Devinborough
Gabrielle,Fields,24,2023-08-07,South Rodneyborough
Mr.,Joseph Petersen,58,2021-03-01,Blackwellstad
Robert,Burns,49,2020-10-10,South Lindsayton
Andrew,Chan,59,2021-03-03,Wilkersonshire
Johnny,Hicks,21,2021-03-05,South Nicoleberg
Christopher,Jacobs,30,2021-03-07,New Nancy
Jeffrey,Vang,31,2022-09-26,North Carlybury
Sarah,Wells,39,2021-03-09,West Kimberly
Katrina,Lyons,59,2023-04-24,Woodburgh
Joseph,Hawkins,27,2021-03-11,North Ambermouth
Shawn,Bryant,34,2021-03-13,Dunnmouth
Nathan,Watson,40,2021-03-15,South Mary
Sarah,Howard,39,2021-03-17,['New Jeremiah']
Nicole,Wilson,24,2021-03-19,Shawnland
Katelyn,Ramos,25,2021-03-21,South Sethtown
Anthony,Sanchez,46,2022-02-11,East Benjamin
Jennifer,Ellis,32,2021-03-23,West Brandibury
Melinda,Archer,46,2021-03-25,South Edwinshire
Danielle,Chen,59,2021-03-27,Tylerhaven
Randy,Hull,45,2021-03-29,South Sabrinashire
Brittany,Garcia Phd,37,2021-03-31,Andreaview
Karen,Wilkins,35,2021-04-02,Bethburgh
Terrence,Strong,53,2021-04-04,Port Lynnmouth
Emily,Hernandez,25,2021-04-06,Sanchezside
Cody,Cain,50,2021-04-08,Schmidtside
Daniel,Odom,51,2021-04-10,Smithborough
Debra,Padilla,46,2021-04-12,Port Ruth
Katelyn,Murray,39,2021-04-14,West Adam
Christopher,Davis,29,2021-04-16,Port Tracey
Kaitlyn,Petersen,22,2021-04-18,West Christinestad
Patrick,Hurley,40,2021-04-20,Blanchardview
Nicholas,Booth,51,2021-04-22,East Carolyn
Anthony,Austin,58,2021-04-24,South Sarah
Jessica,Davis,40,2021-04-26,Port Gary
Amy,Hanna,33,2021-04-28,Brandychester
Sarah,Torres,54,2021-04-30,North Tracy
Michael,Smith,36,2021-05-02,Solischester
Chad,Howard,51,2021-05-04,North Cassandra
Daniel,Mclean,38,2021-05-06,Christianville
William,Jones,59,2021-05-08,Perryview
Peter,Lee,40,2021-05-10,New Lindaburgh
Kelly,Hahn,40,2021-05-12,Sandershaven
Jackson,Campbell,24,2021-05-14,Paulhaven
Sean,Davis,55,2021-05-16,Lake Alishaburgh
Sonya,Everett,58,2021-05-18,South Mariaside
Jeffrey,Zhang,20,2021-05-20,South Bradleyton
Mark,White,57,2021-05-22,North Tammy
Eric,Perkins,60,2021-05-24,South Robert
Justin,Sullivan,42,2021-05-26,North Taraton
Jennifer,Parrish,35,2021-05-28,Lake Tamara
James,Powell,50,2021-05-30,Johnland
Lauren,Barnes,49,2022-07-04,Georgeland
Karen,Hernandez,38,2021-06-01,Thompsonfurt
Karen,Greene Phd,24,2021-06-03,East Suzannechester
Patricia,Schmitt,32,2021-06-05,Sarahchester
Anthony,Bell,20,2021-06-07,North Jessicaville
Sherry,Rodgers,59,2023-01-03,East Bradley
Amber,Acosta,26,2021-06-09,Lake Garyview
Shelly,Williams,26,2021-06-11,West Sherrimouth
Jessica,Carpenter,53,2021-06-13,Daniellefurt
Alexander,Wilson,34,2021-06-15,Victorfort
Dana,Boyd,29,2021-06-17,Hartborough
Christopher,Brooks,46,2021-06-19,Bradleyberg
Kathleen,Banks,41,2021-06-21,New Amychester
Richard,Cross,60,2021-06-23,Walshbury
Allen,Jordan,34,2021-06-25,South Amyfort
Bethany,Lyons,21,2021-06-27,New Sheila
Christopher,Wells,57,2021-06-29,Lake Heidi
Brenda,Higgins,58,2023-08-04,Edwardhaven
Norma,Graves,20,2021-07-01,['Solischester']
Jennifer,Garcia,24,2021-07-03,Maryview
Kelly,Martinez,30,2021-07-05,Wellsfort
Samantha,Miller,31,2021-07-07,Josephhaven
Christopher,Smith,25,2021-07-09,East Kristine
Brandi,Patterson,33,2021-07-11,Evanstown
Nancy,Burke,40,2021-07-13,Port Jennifer
Jacqueline,Zimmerman,40,2021-07-15,Randyberg
Charles,Lee Md,52,2021-07-17,New Paul
John,Burns,34,2021-07-19,New Scott
Margaret,Gibson,23,2021-07-21,North Briannatown
Matthew,Jones,38,2021-07-23,Lake Kathryn
Valerie,Matthews,36,2025-01-29,South Angela
Anna,May,32,2021-07-25,East Kimberly
Jennifer,Saunders,46,2021-07-27,New Jorge
Stephen,Miller,22,2024-12-17,Alexanderland
Angel,Donovan,50,2023-04-27,New Jay
Ashley,Gonzalez,25,2021-07-29,Port Lindsey
Sean,Travis,33,2021-07-31,North Kimberlyborough
Jaime,Campos,36,2021-08-02,Mendozabury
Donald,Vaughan,46,2024-02-02,Meganhaven
Tanner,Armstrong,32,2020-08-20,North Eric
Raymond,Griffith,34,2022-02-18,Lake Brianastad
Autumn,Harris,60,2021-08-04,North Ryanmouth
Jerome,Patton,47,2021-08-06,West Timothyside
Sean,Hayes,59,2021-08-08,South Georgeborough
Ryan,Carpenter,48,2021-08-10,Wardview
Sandra,Harris,42,2021-08-12,Port Jennifer
Joshua,French,31,2021-08-14,South Amberchester
Thomas,Sanchez,24,2021-08-16,Mandymouth
Ashley,Gonzalez,50,2021-08-18,New Karashire
Anthony,Parker,24,2021-08-20,Port Lisaville
Jeremy,Stone,26,2021-08-22,Brianbury
Dennis,Aguirre,25,2021-08-24,['Abigailburgh']
Ashley,Watson,45,2021-08-26,Rodriguezborough
Jennifer,Houston Md,31,2021-08-28,Baileyberg
Brandy,Dickerson,52,2021-08-30,East Alex
Kenneth,Thompson,35,2021-09-01,Port Robertview
Amber,Preston,53,2021-09-03,South Tracy
Amber,Johnson,60,2021-09-05,Johnsonville
Linda,Leonard,31,2021-09-07,Michaelfort
Mario,Shields,59,2021-09-09,East John
Kristine,Cooper,24,2021-09-11,South Nicole
Carrie,Russell,24,2021-09-13,Anthonyville
Nicholas,Ibarra,27,2021-09-15,Kimberlyville
Amy,Bennett,46,2021-09-17,South Jonathanview
Christian,Monroe,40,2021-09-19,North Kelly
Vanessa,Lopez,27,2021-09-21,West Jesus
Michelle,Davis,42,2021-09-23,Robertport
Amy,Rhodes,45,2021-09-25,Jenniferburgh
Tanya,Taylor,45,2021-09-27,Kylehaven
Ryan,Molina,54,2021-09-29,Port Steven
Christine,Gonzalez,47,2021-10-01,East Johnstad
Laura,Roach,40,2021-10-03,Kimberlyhaven
David,Carter,53,2021-10-05,['New Virginia']
Nicholas,Edwards,27,2021-10-07,Vanessastad
Richard,Velasquez,41,2021-10-09,Andrewshire
Jesus,Thompson,37,2021-10-11,Conwayport
Daniel,Davis,22,2021-10-13,Danielsshire
Shawn,Herrera,59,2024-09-04,Mariaside
Brian,Kennedy,41,2021-10-15,Port Paulville
Karla,White,21,2021-10-17,East Ericton
Katie,Tucker,27,2021-10-19,Andrehaven
Luis,Rivers,28,2021-10-21,New Greggburgh
Amy,Flynn,37,2021-10-23,Lake Matthew
Angela,Gordon,58,2024-12-08,Jacksonberg
Beverly,Leonard,51,2022-10-16,East Christopher
Martin,Fuller,54,2021-10-25,New Christina
Julie,Johnson,42,2021-10-27,Monicaport
Samuel,Ortega,36,2021-10-29,Amandamouth
Paul,Young,53,2024-03-31,Lake Fredtown
Adrian,Blackwell,38,2021-10-31,Gonzalezbury
Brenda,Schultz,40,2021-11-02,['Port Jeffery']
Jennifer,Romero,22,2021-11-04,New Kathy
April,Flowers,29,2021-11-06,Lauraville
Dr.,Kylie Villarreal Md,40,2022-08-14,East Hannah
Steven,Spencer,24,2021-11-08,Tylerbury
Tracey,Rose,23,2021-11-10,Bellstad
Sherry,Hale,55,2021-11-12,Johnmouth
Kelli,Estrada,22,2021-11-14,Costafurt
Paula,Becker,48,2021-11-16,Gloriaton
Mary,Nunez,24,2021-11-18,Newmanton
Allison,Short,29,2024-09-30,Lake Rachelfurt
Kevin,Sanchez,60,2021-11-20,Lake Charles
Denise,Shepherd,48,2021-11-22,Chaseville
Christine,Neal,33,2021-11-24,North David
Natasha,Hampton,57,2021-11-26,Harrisfort
Kaylee,Cowan,33,2021-11-28,North Heatherfurt
Mia,Dunlap,23,2021-11-30,Dianetown
Elizabeth,Mitchell,43,2021-12-02,Antonioport
Laura,Myers,51,2021-12-02,New Fernando
Jennifer,Caldwell Dvm,54,2021-12-04,Romerofurt
Jane,Carney,45,2021-12-06,Sarahchester
Shawn,Anderson,31,2021-12-08,Stefaniestad
Maria,Romero,58,2021-12-10,Carrborough
Shawn,Lynn,24,2021-12-12,New Edward
Keith,Rodgers,44,2021-12-14,Hunterberg
Chelsea,Brown,59,2021-12-16,West Carriefurt
Cameron,Peterson,57,2021-12-18,['Dodsonmouth']
Rachael,Pena,41,2021-12-20,New Ericashire
Rebecca,Yu,28,2021-12-22,Barronton
Jamie,Mitchell,52,2021-12-24,Josephville
Jimmy,Wise,32,2021-12-26,West Kimberly
Douglas,Ramirez,25,2023-07-04,Meyersberg
Elizabeth,Castaneda,22,2021-12-28,East Scottborough
Kristen,Levine,45,2021-12-30,Laurenfurt
Jose,Crawford,55,2022-01-01,Owensfurt
Marcus,Thompson,57,2021-09-21,Christophermouth
Edward,Wright,34,2024-02-28,New Hannah
Deborah,Jones,34,2022-01-03,Lake Andrewburgh
Timothy,Richardson,55,2020-11-12,Victoriamouth
Tiffany,Smith,23,2022-01-05,Jackberg
Vanessa,Barnes,36,2023-08-13,Elliottchester
Kristy,Garcia,47,2021-03-14,Sierramouth
Christopher,Perez,56,2022-01-07,West Jeffrey
Ronald,Hanna,47,2020-09-14,Lake Kristen
Thomas,Singh,47,2022-01-09,Jonesview
Miss,Laura Ramos,50,2022-01-11,Aimeeside
Kristen,Williams,36,2022-01-13,Tuckerchester
Heather,Moreno,59,2022-01-15,['New Steven']
Marissa,Miller,24,2022-01-17,Andreatown
Miranda,Fisher,47,2022-01-19,Coxberg
Julie,Andersen,46,2022-01-21,South Lindseyville
Kimberly,Singh,43,2022-01-23,Josephbury
Erin,Torres,28,2022-01-25,West Cory
Tristan,Aguirre,39,2022-01-27,Lake Trevorshire
Lisa,Williams,43,2022-01-29,Veleztown
Tara,Mendoza,51,2022-01-31,East Angelaville
Stephen,Sanchez,48,2022-02-02,Montgomerymouth
Brian,Crawford,36,2021-06-06,Riversside
William,Collins,57,2022-02-04,['Priscillaland']
Stephanie,Johnson,46,2022-02-06,South Masonborough
Kendra,Burns,45,2022-02-08,Gonzalesville
Amy,Lang,35,2022-02-10,Williamsborough
Kevin,Lucas,54,2022-02-12,Jakebury
Monique,Martin,20,2022-02-14,New Lindaville
Hannah,Nelson,57,2022-02-16,North Annette
Monica,Black,50,2022-02-18,Perezburgh
Sally,Miller,34,2022-02-20,['South Nicholasbury']
Brandon,Hall,33,2022-02-22,Velezmouth
Corey,Melendez,55,2022-02-24,Blackwellport
William,Shah,34,2022-02-26,North Jamesburgh
Sierra,Anderson,28,2022-02-28,Karenfurt
Valerie,Lawrence,47,2022-03-02,New Steven
Kenneth,Kennedy,27,2022-03-04,Hartland
Matthew,Scott,32,2022-03-06,Gonzalezburgh
Antonio,Morgan,29,2022-03-08,East Johnland
Michelle,Mills,21,2022-03-10,North Samuelburgh
Corey,Robertson,40,2022-03-12,South Jenniferchester
Angela,Smith,41,2022-03-14,East Caleb
David,Moran,57,2022-03-16,Torresmouth
Melissa,Young,46,2022-03-18,West Leonard
Patrick,Young,46,2022-03-20,New Tamara
Olivia,Thompson,34,2021-09-29,West Jamieshire
Andre,Jackson,44,2022-03-22,North Natalieshire
George,Daniels,29,2022-03-24,Port Jeffery
Mary,Eaton,58,2022-03-26,West Angelaland
Todd,Orozco,54,2022-03-28,Jessicachester
Teresa,Hernandez,48,2022-03-30,Jamesbury
Tara,Pena,31,2022-04-01,Lake Kaitlynshire
Rebecca,Smith,34,2022-04-03,['Leebury']
Mr.,Kevin Garcia,56,2022-04-05,North Dawn
Linda,Reynolds,38,2022-04-07,East Andrewchester
Gregory,Wilson,24,2022-04-09,Michaelborough
Samantha,Robinson,25,2022-04-11,Garciachester
Joseph,Bowers,59,2022-04-13,['Zimmermanland']
Luis,Hammond,51,2021-09-14,Lisaside
Christine,Haynes,40,2022-04-15,North Janeside
Lori,Higgins,55,2025-01-01,Mitchellport
Joe,White,58,2022-04-17,Lauraberg
Joshua,Powell,40,2021-04-23,Port Timothy
Erin,Torres,56,2022-04-19,Hendersonstad
Anna,Archer,36,2022-04-21,New Shannonmouth
Emily,Mcclain,41,2022-04-23,Jefferychester
Nicholas,Mendoza,24,2024-03-17,West Maryfurt
Thomas,Cruz,44,2022-04-25,Abigailburgh
Michael,Pierce,21,2022-04-27,West Martha
Amanda,Payne,39,2022-04-29,Sarahport
Tracy,Dixon,37,2022-05-01,East Denise
Jamie,Barber,28,2022-05-03,Jaimemouth
Larry,Romero,36,2022-05-05,Ginaland
John,Wilkins,37,2020-04-04,Lake Marilynland
Micheal,Compton,56,2022-05-07,Sparksfort
Mark,Chandler,25,2024-08-08,Lake John
Julie,Webb,41,2022-05-09,Zimmermanland
Anthony,Green,27,2022-05-11,Morrisonmouth
Brandy,Bentley,53,2022-05-13,Lake Amandaton
Rose,Hamilton,35,2020-12-24,Laurafort
Ashley,Kelly,35,2020-09-09,East Victoria
Bianca,Howard,22,2022-05-15,Dianaberg
Jerry,Novak,24,2022-05-17,Lake Tiffanyfurt
Janet,Montgomery,58,2022-05-19,Lake Brandon
Chelsea,Kelley,50,2022-05-21,Huntermouth
Barbara,Daniels,38,2022-05-23,Lauramouth
Ms.,Diana Mcdonald Dds,40,2022-05-25,Powerschester
Dustin,Olson,57,2022-05-27,South Samuel
Tanya,Garcia,40,2022-05-29,Jeanfort
Kelly,Jones,53,2022-05-31,Lake Caitlin
Jaime,Marks,49,2022-06-02,South Heatherville
Amber,Meyer,55,2022-06-04,Crystaltown
Kimberly,Thompson,24,2022-06-06,New Anthonychester
Theresa,Brown,32,2022-06-08,Millerhaven
Marvin,Ramos,22,2022-06-10,Mullinsmouth
Melinda,Cross,48,2022-06-12,South Michaelville
Lindsay,Kelley,30,2022-06-14,Ernesthaven
Alexandria,Andrews,39,2022-06-16,South Michaelside
Anna,Gardner,37,2022-06-18,Williamton
Tamara,Maxwell,32,2022-06-20,West Joyce
Arthur,Anthony,53,2022-06-22,Teresabury
Kathleen,Dawson,32,2022-06-24,Port Marvinburgh
Julie,Griffin,49,2022-06-26,North Lauramouth
Aaron,Clark,25,2022-06-28,North Charlesstad
Jacob,Campos,57,2022-06-30,East Brad
Kim,Holmes,32,2022-07-02,Lake Kelly
Ian,Owens,51,2022-07-04,North Charlesmouth
Matthew,Black,54,2022-07-06,Valerieton
Janice,Daniel,40,2022-07-08,Lake Cassie
Lisa,Larsen,48,2022-07-10,Robertside
Todd,Benjamin,20,2022-07-12,West Christopherton
Teresa,Salazar,46,2022-07-14,['Johnmouth']
Alexa,Wood,25,2022-07-16,East Chad
Richard,Dorsey,22,2022-07-18,Welchshire
Sandra,Travis,51,2024-02-07,New Craig
Robin,Johnson,52,2022-07-20,Brianport
Frank,Russell,33,2022-07-22,Scottmouth
Linda,Galvan,49,2022-07-24,Travisshire
Andrew,Wilson,34,2022-07-26,Maryport
Jesus,Hall,44,2025-01-06,North Tina
Holly,Smith,49,2022-07-28,New Jonhaven
Ronald,Hoffman,46,2022-07-30,New Virginia
Eric,Horn,30,2022-08-01,Krististad
Ricky,Cooke,40,2022-08-03,Port Micheleberg
Michael,Holt,49,2022-08-05,Clarkchester
Sarah,Conner,38,2022-08-07,East Calvin
Robert,Schneider,25,2022-08-09,Lake Stephanie
Sandra,Hebert,41,2022-08-11,West Stacyfort
Kathryn,Thompson,52,2022-08-13,East Aaronhaven
Christina,Ellis,21,2022-08-15,Lake Christine
Jennifer,Porter,38,2022-08-17,Gilbertton
George,Griffin,37,2022-08-19,North Mariahaven
Nancy,Guzman,58,2022-08-21,South Daniel
Arthur,Bell,28,2022-08-23,Smithton
Justin,Hernandez,49,2022-08-25,Robertsville
Edward,Gonzalez,59,2022-08-27,Martinberg
Jamie,Jackson,54,2022-08-29,Toddchester
Thomas,Holland,24,2022-08-31,New Lisachester
Samuel,Sanchez,33,2023-10-24,Zacharyfurt
Cassie,Barber,29,2022-09-02,Richmondtown
Patrick,Carr,55,2022-09-04,Thompsonshire
Stephen,Martinez,60,2022-09-06,South Lisa
Sharon,Randolph,48,2022-09-08,Pamelaside
Margaret,Cruz,28,2025-01-15,New Daryl
Kevin,Williams,35,2025-03-26,Traceyside
Candice,Peters,50,2022-09-10,South Jackland
Michelle,Leach,38,2022-09-12,Yangview
Colleen,Campos,27,2022-09-14,New Robynville
Tammy,Murray,37,2022-09-16,['New Fernando']
Chris,Thomas,20,2022-09-18,Port Gregory
Gregory,Bryant,60,2022-09-20,South Adriantown
Marvin,Hayden,49,2022-09-22,Morrisland
Jennifer,Clark,29,2022-09-24,Port Emma
Robert,Greene,45,2022-09-26,Holmesborough
William,Miles,24,2022-09-28,South Elizabeth
Mark,Williams,43,2022-09-30,Silvaview
Kenneth,Smith,32,2022-10-02,Faulknerland
Natalie,Clark,56,2022-10-04,Parkermouth
Sarah,Howard,35,2022-10-06,Justintown
Katherine,Murphy,39,2022-10-08,East Brianna
Guy,Cardenas,32,2024-04-24,Christopherhaven
Catherine,Carter,43,2022-10-10,Priscillaland
Stephanie,Williams,53,2022-10-12,Lyonsfort
Luis,Cox,28,2022-10-14,Jeffreychester
Jeremy,Anderson,55,2022-10-16,New Lisamouth
Brenda,Wall,39,2022-10-18,West Amy
Nicole,Peterson,25,2022-10-20,South Rachael
Ashley,Terrell,27,2022-10-22,Lake Richard
Kristin,Diaz,47,2022-10-24,Woodfort
Amanda,Hall,24,2022-10-26,New Brittanymouth
Willie,Bennett,40,2020-08-21,Port Rebecca
Amy,Adams,57,2022-10-28,South Jonathantown
Shannon,Smith,26,2022-10-30,Evanburgh
Warren,Thomas,31,2022-11-01,North Kelly
David,Wright,51,2022-11-03,North Latoyamouth
Christopher,Mitchell,43,2022-11-05,Lake Robert
Michael,Matthews,42,2021-04-25,Port Aaron
Deborah,Kidd,41,2022-11-07,New Karenton
Amanda,Gentry,21,2023-05-28,Port Melissafort
Paul,Adams,55,2022-11-09,New Victoria
Amy,Sullivan,20,2022-11-11,West Paula
Alexander,Villarreal,27,2022-11-13,North Carolberg
Luis,Gonzalez,25,2022-11-15,South Amanda
Sherry,Bates,57,2022-11-17,North Chelseachester
Gary,Gallagher,40,2022-11-19,Lake Jenniferfort
Donna,Edwards,21,2022-11-21,['Victoriamouth']
Jose,Richards,25,2022-11-23,West Nicoletown
Kelsey,Peters,26,2022-11-25,South Joel
Regina,Johnson,49,2022-11-27,South Christopherport
Matthew,Parks,36,2022-11-29,Dillonfurt
Gerald,Hull,59,2022-12-01,North Joshuabury
Charles,Avery,25,2022-12-03,Port Nathan
Edwin,Fox,31,2022-12-05,South Michelle
Christopher,Young,27,2022-12-07,Sandraport
Levi,Pittman,22,2022-12-09,East Kevin
Monica,Saunders,53,2022-12-11,South Amandahaven
Donna,Schneider,54,2022-07-30,Port Linda
Kiara,Sims,38,2022-12-13,New Johnstad
Jason,Flores,53,2022-12-15,Staceymouth
Joshua,Harrison,52,2022-12-17,Millerside
Barbara,Jones,54,2022-12-19,West Mary
Victoria,Allen,53,2024-12-08,South Michaelville
Michelle,Jackson,34,2022-12-21,East Thomasfurt
Jason,Chase,25,2022-12-23,Lake Robertburgh
Duane,Carey,35,2022-12-25,Jeremytown
Becky,Diaz,39,2022-12-27,['Paulborough']
Tina,Marquez,20,2022-12-29,Joshuaport
Jennifer,Duncan,30,2022-12-31,Bakerburgh
Martha,Riley,44,2023-01-02,Salaston
George,Jackson,40,2023-01-04,Russellview
Shannon,Nguyen,23,2023-01-06,North Charleschester
Daniel,Howard,46,2023-01-08,East Jeffreyville
Monica,Owens,45,2023-01-10,East Melissa
Lance,Duran,36,2023-01-12,Browntown
Krystal,Davila,34,2023-01-14,Cassieville
Paul,Baker,60,2023-01-16,Paulborough
Tyler,Rose,44,2023-01-18,Port Sarahland
Steven,Perez,35,2023-01-20,Youngburgh
John,Cooper,60,2022-11-20,North Michael
Melissa,Lopez,55,2023-01-22,Elizabethburgh
Brad,Haynes,41,2023-01-24,South David
Deborah,Castro,25,2022-08-14,Lake Erik
Amanda,Curtis,49,2023-01-26,Garrisonville
Patricia,Mccoy,33,2023-01-28,East William
Johnny,Callahan,27,2023-01-30,Leebury
Jennifer,Sanders,26,2023-02-01,East Michelle
Nicole,Rice,60,2023-02-03,Port Robert
Joel,Torres,50,2024-10-18,North Lindsey
Andrea,Mills Md,28,2023-02-05,New Nichole
Michelle,Daugherty,23,2023-02-07,West Derek
David,Rodriguez,22,2023-02-09,Thomasside
Deborah,Johnson,51,2023-02-11,['North Robert']
Deborah,Davenport,31,2023-02-13,Port Jonathan
Debbie,Mason,31,2023-02-15,Ashleyburgh
Donald,Miller,23,2023-02-17,Martinezfort
Candice,Welch,46,2023-02-19,West Teresamouth
Donald,Hill,44,2023-02-21,North Adriennehaven
Richard,Parker,46,2023-02-23,Port Jennifer
Brandon,Nicholson,47,2021-10-13,Smithstad
Shannon,Perry,53,2021-02-02,Port Barbara
Linda,Parker,42,2023-02-25,Port Tinaburgh
Pamela,Walker,34,2023-02-27,Lake Brian
Amanda,Brooks,50,2023-03-01,East Kristy
Terri,Smith,52,2023-03-03,Pittmanburgh
Leslie,Graves,38,2023-03-05,North Natalie
Natalie,Valdez,42,2023-03-07,Websterville
Anthony,Mercado,22,2024-05-10,Lake Sabrina
Ruth,Griffith,20,2023-03-09,North Darlenechester
Christopher,Rogers,49,2023-03-11,Jayview
Jamie,Herrera,55,2023-03-13,New Deborahside
Zachary,Richards,34,2023-03-15,Melissaside
Miranda,Jackson,25,2023-03-17,Rodriguezfort
Seth,Williams,49,2023-03-19,Larsenshire
Kimberly,Phillips,57,2023-03-21,Tiffanyview
Shannon,Sanchez,59,2023-03-23,Melindaville
Shane,Banks,44,2022-01-29,Marksfurt
Sean,Short,24,2023-03-25,Lake Timothy
Terry,Cisneros,22,2023-03-27,Johnsonshire
Sheila,Jimenez,37,2023-03-29,Lopezbury
Jennifer,Wilkins,37,2023-03-31,Faulknerland
Robert,Brown,35,2023-04-02,Raymondport
Chad,Chandler,59,2023-04-04,North Reginald
Matthew,Snow,40,2022-12-08,Kathybury
Hunter,Kaiser,30,2023-04-06,Port Rachel
Beth,Blake,41,2023-04-08,Blackberg
Eddie,Mays,59,2023-04-10,East Connorburgh
Leslie,Hernandez,44,2023-04-12,Gregoryland
Jesus,Johnson,32,2023-04-14,Jessicaborough
Terri,Sutton,44,2023-04-16,Jeffreyberg
Stephanie,Drake,59,2023-04-18,Shawnfort
Phillip,Matthews,45,2023-04-20,Lake Timothyshire
Amanda,Martinez,53,2023-04-22,Victoriahaven
Stephen,Myers,27,2023-04-24,South Meganshire
Brian,Allen,24,2023-04-26,East Brian
Sean,Garner,22,2020-07-05,East Michaelport
Tyler,Miller,44,2023-04-28,South Williamstad
Bailey,Reid,31,2023-04-30,Gardnerside
Jeffery,Wade,34,2023-05-02,Caitlinchester
James,Thompson,55,2023-05-04,South Justinland
Daniel,Johnson,45,2023-10-01,Colemanfort
Mark,Allen,33,2023-05-06,Jacobsbury
Jennifer,Perry,57,2023-05-08,Kylefurt
Michael,Novak,24,2023-05-10,East Lori
David,Miller,54,2023-05-12,South Joshuahaven
Angela,Robinson,54,2023-05-14,Lake Oscar
James,Serrano,41,2023-05-16,North Evelynfurt
Jennifer,Hawkins,43,2023-05-18,Port Amy
Leslie,Graham,57,2023-07-18,Lake Hannahton
Christina,Cox,38,2023-05-20,New Courtneyshire
Alex,Hunt,44,2023-05-22,Scottfort
Chad,Green,59,2023-05-24,Port Matthewberg
Jordan,Johnson,51,2023-05-26,East Andrew
Robert,Dyer,43,2023-05-28,East Vincentmouth
Cheryl,Woodward,44,2023-05-30,Angelaville
Sarah,Collins,39,2023-06-01,New Taylorview
Lisa,Mcdonald Dds,32,2023-06-03,Dennisview
Heather,Jackson,36,2023-06-05,Kristibury
Michael,Anderson,46,2023-06-07,Tyroneburgh
Deanna,Bailey,40,2023-06-09,Teresafurt
Karen,Guerrero,42,2024-04-18,Valerieton
Justin,Adams,47,2023-06-11,New Jerryton
Donald,Morton,47,2023-06-13,New Chadtown
Sara,Kemp,55,2023-06-15,Everettborough
Kimberly,Hall,55,2023-06-17,Smithfort
Sonia,Sanchez,34,2023-06-19,New Sarah
Michael,Ferguson,30,2023-06-21,Rileytown
Steven,Phillips,57,2023-06-23,Amyville
Renee,Ramirez,20,2023-06-25,Port Paul
Edward,Rodriguez,20,2023-06-27,Joychester
Shelley,Hill,36,2023-06-29,North Michael
Angela,Anderson,38,2022-08-02,Port Tanya
Samuel,Smith,57,2023-07-01,West Theresa
Julie,Diaz,44,2023-07-03,West Crystalstad
Joshua,Davis,59,2023-07-05,Jamesland
Troy,Smith,49,2023-07-07,Genehaven
Katherine,Stone,54,2023-07-09,East Anthonyport
Crystal,Gonzalez,51,2023-07-11,Cannonport
James,Murray,34,2023-07-13,Vincentfort
Christopher,Mullins,23,2023-03-28,Stephaniefurt
Christy,Glenn,48,2023-07-15,Cameronfort
Michael,Nguyen,28,2023-07-17,New Taylorview
Travis,Robles,27,2023-07-19,New Jessica
Julie,Mitchell,40,2023-07-21,Parksshire
David,Johnson,28,2023-07-23,Lake Jerome
Danielle,Stokes,39,2023-07-25,New Haroldville
Wendy,Kelly,47,2023-07-27,South Erictown
Kiara,Brown,47,2023-07-29,West Nicole
Amy,Blackwell,56,2023-07-31,North Jessica
Nicholas,Le,49,2023-08-02,Edwardsland
Daniel,Cook,59,2023-08-04,Lake Williamhaven
Michelle,Banks,40,2023-08-06,North Susanmouth
Frederick,Williams,46,2021-03-20,Richardbury
Eric,Torres,37,2023-08-08,Robertborough
James,Wilson,28,2023-08-10,Rodrigueztown
Carol,Johnson,37,2023-08-12,East Amandaport
Kevin,Shannon,39,2023-08-14,Veronicaside
Christopher,Martin,47,2023-08-16,North Ashleyborough
Lynn,Doyle,36,2023-08-18,Hollytown
Lisa,Lang,28,2023-08-20,New Coltonside
Shane,Vang,42,2023-08-22,West Margaret
Katrina,Bennett,60,2023-08-24,Gilbertland
Ashley,Mccoy,54,2023-08-26,Nicholasland
Timothy,Jimenez,34,2023-08-28,Montesport
Richard,Osborn,43,2023-08-30,South Sarahside
Logan,Lee,33,2023-09-01,['Shannonland']
Curtis,Osborne,40,2023-09-03,Annborough
Matthew,Cooper,60,2021-08-08,West Kylebury
Daniel,Walsh,50,2023-09-05,North Paulland
Stephanie,Barrett,39,2023-09-07,Andradeborough
Daniel,Powell,22,2023-09-09,New Carrieton
Michael,Patterson,59,2023-09-11,Warnerton
Elizabeth,Rodgers,51,2023-09-13,Port Sheilaburgh
Carrie,Jones,52,2023-09-15,Philipside
David,Smith,33,2023-09-17,Jordanhaven
Johnathan,Collins,50,2023-09-19,Port Parker
Maria,Montgomery,40,2023-09-21,Shaunport
Barbara,Thomas,24,2023-09-23,New Christopher
Jermaine,Edwards,59,2023-09-25,Rojasville
Kristen,Foster,21,2020-12-02,Harrisonview
Danielle,Davis,52,2023-09-27,West Paulmouth
Daniel,Armstrong,34,2023-09-29,South Kevinshire
Rebecca,Smith,58,2023-10-01,New Emilyshire
Kelsey,Elliott,36,2023-10-03,Lake Marilynton
Anne,Martin,33,2023-10-05,Johnborough
Sarah,George,57,2023-10-07,West Diane
Selena,Smith,40,2023-10-09,Johnsonborough
Clayton,Stewart,33,2024-09-28,Cowantown
Alejandro,Gordon,53,2023-10-11,North Christopherburgh
Kyle,Jones,26,2023-10-13,Port Carol
Paul,Wilson,52,2023-10-15,Bradleymouth
Joseph,Black,26,2023-10-17,East Mark
Colin,Griffin,21,2023-10-19,['South Austinhaven']
Kelly,Ware,53,2023-10-21,Jerryton
Lisa,Vasquez,24,2023-10-23,Williamsfurt
Rachael,Brown,27,2023-10-25,Port Andreview
Jennifer,Ruiz,57,2023-10-27,Lake Isaachaven
Thomas,Jackson,46,2023-10-29,Stephanieshire
Melissa,Sexton,59,2023-10-31,['West Diane']
Christine,Hogan,23,2023-11-02,Avilabury
Melissa,Underwood,42,2023-11-04,['Torresburgh']
Paula,Lloyd,55,2023-11-06,Susanstad
Jessica,Smith,53,2023-11-08,Port Frederickville
Jennifer,Lawrence,20,2023-11-10,Patelport
David,Costa,25,2023-11-12,Oliverside
Terry,Silva,49,2023-11-14,Valenzuelaside
Nancy,Miles,31,2023-11-16,New Tracyborough
Stephen,Stevens,40,2023-11-18,Gabrielside
Scott,Robinson,21,2023-11-20,Port Meganfort
Cynthia,Jackson,54,2023-11-22,['Pamelaview']
Mark,Garcia,32,2023-11-24,Amandaland
Tyler,Bell,45,2023-11-26,East Edgar
Gregory,Greer,57,2023-11-28,Michaelfurt
Matthew,Scott,54,2023-11-30,New Lisatown
Susan,Adams,46,2023-12-02,Port Lisaborough
Matthew,Avila,21,2023-12-04,Port Diana
Regina,Dodson,26,2023-12-06,North Abigail
Ashley,Wright,22,2023-12-08,Courtneyside
Erin,Todd,54,2020-11-29,Lake Russell
Barbara,Garcia,26,2023-12-10,New Erinchester
Jennifer,Villanueva,42,2023-12-12,Nunezfurt
Jeremy,Cooper,54,2023-12-14,East Jose
Sandra,Serrano,37,2024-11-28,Reynoldschester
Stephanie,Cruz,22,2023-12-16,Hessshire
Tracey,Booker,50,2022-10-07,Debraport
Sharon,Golden,39,2023-12-18,New Maryville
Linda,Ramos,33,2023-01-06,Danielhaven
Breanna,Nelson,36,2023-12-20,Lopeztown
Blake,Cook,31,2023-12-22,Amberside
Caitlin,Lamb,26,2023-12-24,Blackwellland
Rebecca,Kramer,33,2023-12-26,Thomasfort
Daniel,Cruz,52,2023-12-28,Abbottborough
Jonathan,Banks,29,2023-12-30,Amandaton
Nathan,Hill,43,2024-01-01,['Bakerburgh']
Melissa,Hill,53,2020-10-13,East Jimmy
Larry,Stone,46,2024-01-03,South Brittany
Jennifer,Morales,48,2024-01-05,Perezborough
Larry,Gould,57,2024-01-07,Stewartberg
Melissa,Ramirez,50,2024-01-09,Davidfort
James,Moon,40,2024-01-11,Lake Michaelstad
Dwayne,Savage,35,2024-01-28,North Maria
Madison,Johnson,50,2024-01-13,East Matthew
Tammy,Gibbs,29,2024-01-15,North Crystalborough
Mark,Hall,44,2024-01-17,Lake Staceybury
Oscar,Castro,51,2024-01-19,Mendozashire
William,Henderson,60,2024-01-21,Dylanchester
Timothy,Smith,57,2024-01-23,Caitlinshire
Kristy,Burke,38,2022-06-03,East Matthewport
Kevin,Larson,48,2024-01-25,North Jamie
Ricardo,Walton,36,2024-01-27,West Sarahhaven
Kathleen,Martin,20,2024-01-29,West Noahfort
Shelby,Mckinney,27,2024-01-31,Romeromouth
Shelia,Young,22,2024-02-02,Harrisport
Oscar,Valdez,24,2024-02-04,Schwartzfort
David,Richards,33,2024-11-13,New Kayla
Robert,Tate,37,2024-02-06,Reyeschester
Steven,Graves,55,2024-02-08,Teresastad
Kelly,Ewing Phd,29,2021-06-16,Greenbury
Brenda,Wood,54,2024-02-10,East Vincentton
Keith,Powell,55,2024-02-12,East Graceland
Ryan,Winters,56,2024-02-14,Townsendshire
Trevor,Cortez,32,2024-02-16,['Websterville']
Patrick,Johnson,41,2024-02-18,North Wendyhaven
Brian,Martinez,41,2024-02-20,Lake Gabriel
Eric,Vance,33,2024-02-22,South Michelefort
Misty,Smith,31,2024-02-24,South Donaldland
James,Dennis,44,2024-02-26,New Savannah
Christine,Miller,58,2024-02-28,North Diana
Jeffrey,Howell Md,47,2024-03-01,Monicashire
Donald,Scott,24,2024-03-03,West Renee
Shannon,Coleman,40,2024-03-05,['Mcintyremouth']
Kelli,Tyler,54,2024-03-07,Potterton
Kristen,Moore,44,2024-03-09,Lisafort
Edward,Ferrell,33,2024-03-11,New Sara
Kerry,Parks,20,2024-03-13,South Austinhaven
Emily,Benjamin,47,2024-03-15,Port Deannafort
Daniel,Oneill,47,2024-03-17,New Annetteton
Joe,Simmons,46,2024-03-19,North Amandaview
Linda,Garcia,20,2020-05-02,Port Juliaport
Sean,Young,43,2024-03-21,East Tiffanyport
Anna,Mosley,50,2024-03-23,Mossport
Anna,Pearson,59,2024-03-25,Tammyfort
Donald,Good,31,2024-03-27,South Jessicaberg
Jacqueline,Walker,46,2023-12-16,South Ericamouth
Jose,Davis,39,2024-03-29,Tylershire
James,Phillips,60,2024-12-27,Santanaborough
Richard,Murphy,33,2024-03-31,Port Susan
Donald,Green,57,2024-04-02,Kimberlymouth
Matthew,Fields,32,2024-04-04,New Jamesfurt
James,Wood,49,2024-04-06,South Brittanybury
Charles,Moore,57,2024-04-08,Wilsonview
Lori,Warren,59,2024-04-10,North Leslie
Ronald,Pugh,58,2024-04-12,Port Karenfort
Angela,Hawkins,36,2024-04-14,East Caitlin
Jerome,Barnett,22,2024-04-16,East Melvin
Joe,Young,59,2024-04-18,New Joshuaton
Brooke,Riggs,26,2024-04-20,Timothymouth
Natalie,Gardner,55,2024-04-22,Port Gabrielland
Bradley,Bishop,43,2024-04-24,Mooreton
Stephanie,Phillips,36,2024-04-26,South Kristy
Mr.,Timothy Malone,42,2024-04-28,Olsonport
Jennifer,Harmon,44,2024-04-30,Port Hollyhaven
Catherine,Travis,39,2024-05-02,Port Amy
David,Flowers,43,2024-05-04,South Andrewburgh
Joe,Grant,31,2023-01-14,Jamiefurt
Jeanette,Vincent,26,2024-05-06,Kaylaside
Veronica,Ward,22,2024-05-08,Lake Austin
Brandi,Lewis,45,2024-05-10,West Cheryl
Danny,Ortega,41,2024-05-12,New Erin
Keith,Lee,32,2024-05-14,Morganchester
Selena,Simmons Dds,35,2024-05-16,North Gabrielleview
Lisa,Jones,27,2024-05-18,Jacquelinestad
David,Richardson,49,2024-05-20,Jenningsbury
Crystal,Barnes,59,2020-12-05,Jamesbury
Dr.,Kimberly Taylor,44,2024-05-22,Jessicachester
Nicole,Jordan,23,2024-05-24,Williamsonton
Rhonda,Hernandez,53,2024-05-26,Tamaramouth
Jonathon,Clark,41,2024-05-28,Kathrynburgh
Jose,Gonzalez,49,2024-05-30,Port Thomas
Matthew,Lopez,48,2023-08-15,Villegaschester
Jeffrey,Patrick,41,2024-06-01,New Jenna
Justin,Zuniga,47,2024-06-03,Katiechester
Corey,Davis,47,2024-06-05,Elliottburgh
David,Melendez,58,2024-06-07,East Joseport
Robert,Hansen,57,2024-06-09,New Mary
Thomas,Kidd,56,2023-03-08,West Robert
Shirley,Hardy,55,2024-06-11,North Mitchellton
Angela,Willis,40,2024-06-13,West Crystal
Deborah,Sampson,60,2024-06-15,Port Crystal
Dustin,Hansen,30,2024-06-17,Port Sharonfurt
Suzanne,Banks,24,2024-06-19,Jaredburgh
Joshua,Becker,56,2024-06-21,Coxton
Laura,Carlson,52,2024-06-23,Danaborough
Mandy,Livingston,35,2024-06-25,Lake Michaelfort
Jeremy,Harris,45,2024-06-27,North Kellyland
Sydney,Singleton,45,2024-06-29,Dylanburgh
Shannon,Craig,48,2024-07-01,Stevenside
Jillian,Moreno,36,2024-07-03,Whitetown
Cynthia,Stewart,60,2022-12-24,Davidshire
Teresa,Pope,38,2024-07-05,Williamsstad
Tom,Kent,26,2024-07-07,Lake Kevinville
David,Johnson,56,2024-07-09,New Micheletown
Lauren,Harrison,35,2024-07-11,Lake Philipburgh
Gina,Oconnell,26,2024-07-13,Prestonville
Wendy,Kennedy,22,2024-07-15,South Bianca
Emily,Yu,51,2024-07-17,Michaelbury
Beth,Mcclain,54,2025-02-18,Wendyborough
Lisa,Jacobson,56,2024-07-19,Lake Matthew
Sheri,Mcdaniel,24,2024-07-21,Hillberg
Ashley,Johnson,32,2024-07-23,Lestermouth
Michael,Powell,38,2024-07-25,Lake Valerieborough
Ross,Haynes,27,2024-07-27,Lake Micheleshire
Amanda,Snyder,27,2024-07-29,East Melvinburgh
Patricia,Montoya,44,2024-07-31,Jacksonshire
Kimberly,Miller,60,2025-03-04,West Melanie
Ian,Welch,57,2024-08-02,East Michelle
Pamela,Kelley,42,2024-08-04,East Jennatown
Caitlin,Merritt,57,2024-08-06,Bruceport
Emily,Wilson,20,2024-08-08,South Melissa
Sarah,Odom,31,2024-08-10,Thomasborough
Brittany,Cohen,36,2022-08-10,Port Stephanie
Joshua,Clayton,25,2024-08-12,North Robert
Patricia,Olson,32,2024-08-14,Nathanielfurt
Annette,Middleton,34,2024-08-16,Lake Stephanie
Jessica,King,55,2024-08-18,Port Judith
Michael,Peters,53,2024-02-28,Lake Crystal
Robert,Hall,39,2024-08-20,Lake Michael
Terry,Powell,34,2024-08-22,Edwardport
Scott,Wolfe,49,2024-08-24,West Michael
Austin,Bell,59,2024-08-26,Youngchester
Terry,Vargas,44,2024-08-28,Davenportville
Andrew,Wong,21,2024-08-30,Leahstad
Heather,Sharp,41,2024-09-01,Lake Jo
Nathaniel,Reyes,51,2024-09-03,Andrewstad
David,Robinson,52,2024-09-05,North Jamieberg
Ebony,Hawkins,34,2024-09-07,East Christopher
Timothy,Bell,39,2024-09-09,Rollinshaven
Mary,Bell,20,2024-09-11,Danielport
Lori,Simmons,44,2024-09-13,Sarahtown
Timothy,Harris,38,2024-09-15,West Aprilburgh
April,Ramirez,42,2024-09-17,Moralestown
Jose,Riley,26,2024-09-19,South Kendraton
Vernon,Watson,49,2024-09-21,New Carlos
Mr.,Carl Harrell,42,2024-09-23,North Kimberly
Michael,Brooks,56,2024-09-25,Mcintyremouth
Eddie,Fitzgerald,56,2024-09-27,Clayhaven
Christopher,Martin,24,2024-09-29,Dunnmouth
Jacob,Roberson,23,2024-10-01,Lake Sean
Thomas,Johns,29,2020-08-23,South Donna
Victoria,Hopkins,24,2024-10-03,East Cynthiatown
Alan,Sawyer,30,2024-10-05,Harmonchester
Michael,Khan,44,2024-10-07,Lopezborough
Frederick,Kelly,37,2024-10-09,Lake Evanberg
Terri,Mclaughlin,49,2024-10-11,New Courtney
Willie,Phillips,35,2024-10-13,New Vernonland
Stephanie,Chandler,30,2024-10-15,Juliaberg
Erika,Long,54,2024-10-17,Garciaburgh
Shelia,Smith,35,2024-10-19,Lake Brendamouth
Linda,Oneill,39,2024-10-21,Liuborough
Dustin,Page,59,2021-01-15,Juliebury
Carla,Mccullough,48,2024-10-23,South Melissa
Shelby,Johnson,25,2024-10-25,East Kenneth
Bryan,Terry,37,2024-10-27,East Katherine
Kimberly,Owen,44,2024-10-29,Reneebury
Shannon,Watkins,45,2024-10-31,West Bettystad
Molly,Smith,57,2024-11-02,Port Kevin
Matthew,Walter,54,2024-11-04,['East Katherine']
Janet,Brown,44,2024-11-06,Brianmouth
Misty,Stafford,26,2024-11-08,Kaitlynshire
Lindsey,Johnson,41,2022-07-10,Dalemouth
Brian,Oliver,28,2024-11-10,East Kelly
Susan,Freeman,32,2021-08-03,Smithmouth
Erika,Murray,47,2024-11-12,Meganburgh
Charles,Camacho,36,2024-11-14,North Chelseastad
Kimberly,Macdonald,47,2024-11-16,Lake Scottfort
Michael,Riley,33,2024-11-18,South Nathaniel
Christopher,Marshall,59,2021-02-05,East Shannonside
Keith,Hinton,50,2024-11-20,Smithmouth
Linda,Bowen,35,2024-11-22,New Sandrastad
Jenny,Carpenter,59,2024-11-24,Atkinsborough
John,Jensen,42,2024-11-26,West Christopherbury
Diane,Mendoza Md,53,2024-11-28,New Robertstad
Brandi,Cain,25,2024-11-30,Englishtown
Kristi,Ortiz,29,2024-12-02,['South Kevin']
Tara,Wagner,53,2024-12-04,North Tamaraport
Robert,Barber,33,2024-12-06,Colemantown
Derek,Clay,50,2023-02-14,North Ryanbury
Leonard,Alexander,52,2024-12-08,North Brian
Helen,Pineda,59,2024-12-10,South Jeannebury
Juan,Perkins Md,33,2024-12-12,Deniseshire
Douglas,Dillon,25,2024-12-14,Davistown
April,Parker,49,2024-12-16,Hodgesborough
Brett,Humphrey,49,2024-12-18,New Scott
Mrs.,Kathleen Delgado,51,2024-12-20,['Danielhaven']
David,Douglas,36,2024-12-22,Housemouth
Megan,Henderson,22,2022-07-13,East Phyllis
Julia,Simon,43,2024-12-24,New Johnside
Ann,Peterson,39,2024-12-26,Amyberg
Christina,Jackson,52,2024-12-28,Port Ashley
Derrick,Evans,37,2024-12-30,Sanchezhaven
Jennifer,Turner,36,2025-01-01,Collintown
David,Johnson,41,2025-01-03,Elizabethshire
Nancy,Wilson,43,2025-01-05,East Kellymouth
Diana,Bernard,39,2025-01-07,Davisville
Shannon,Patrick,48,2025-01-09,Matthewland
Joshua,Lara,45,2025-01-11,Carrollland
Sarah,Hamilton,43,2022-01-03,Pamelaview
Mrs.,Barbara Ellis Dvm,46,2020-05-26,Yvetteburgh
Thomas,Acosta,53,2022-11-20,Port Austin
Jennifer,Collins,29,2020-05-12,New Gregorychester
Stephen,Porter,52,2025-01-13,South James
Jose,Watkins Jr.,43,2025-01-15,Hallberg
Teresa,Stark,33,2025-01-17,South Nicholasbury
Carlos,Williams,54,2025-01-19,['New Robertstad']
Patricia,Snow,21,2025-01-21,Starkview
Christian,White,59,2025-01-23,East Kathryn
Kyle,Lee,54,2024-03-01,Jessicahaven
Ariana,Burns,23,2021-01-11,Lucasview
Toni,King,26,2025-01-25,Matthewtown
Belinda,Castillo,28,2025-01-27,Arnoldstad
Jacob,French,49,2025-01-29,Pricefurt
Dennis,Bernard,31,2024-10-21,South Jennifer
Caleb,Castillo,56,2025-01-31,South Robertmouth
Laura,Robertson,34,2025-02-02,Jonesmouth
Jason,Marsh,35,2025-02-04,Port Jessica
Vanessa,Romero,23,2020-06-28,North Anthonyfort
Timothy,Miranda,31,2020-10-27,East Eric
Sarah,Harris,26,2025-02-06,East Kelly
Kelly,Hunter,44,2025-02-08,South Erica
Ariel,Rose,36,2025-02-10,Thomasland
Christine,Contreras,47,2025-02-12,South Heather
Stephanie,Moore,51,2025-02-14,Kevinfurt
Daniel,Bradshaw,32,2025-02-16,Stephenstad
Mark,Smith,50,2025-02-18,Natashamouth
Erin,Riley,58,2025-02-20,West Donna
Emily,Scott,54,2021-06-28,North Lori
Martha,Hall,56,2025-02-22,Natalieport
Curtis,Miller,37,2025-02-24,Port Clayton
Abigail,Woodward,42,2025-02-26,Schneiderberg
Joseph,Perez,59,2025-03-18,New Maureenhaven
Michelle,Burns,60,2025-02-28,New Kelsey
Christine,Fernandez Md,29,2025-03-02,Ianfort
Seth,Silva,24,2025-03-04,New John
Alicia,Reyes,37,2025-03-06,Rodriguezborough
Katherine,Kane,58,2023-05-25,Michaelbury
Ashley,Turner,28,2025-03-08,Zacharyfurt
Nicholas,Allen,26,2025-03-10,Williamshaven
Jennifer,Martinez,30,2025-03-12,Lindsaytown
Kimberly,Mendoza,21,2025-03-14,Mitchellfort
Shaun,Sanchez,38,2025-03-16,Robertberg
Tiffany,Jones Dvm,56,2025-03-18,West Frank
Chad,Wilson,57,2025-03-20,New Jeremiah
Elizabeth,Moore,42,2025-01-07,Port Connietown
William,Burke,55,2025-03-22,West Joseph
Cory,Cooke,20,2025-03-24,South Justinside
