Name,Date,Age,City
  Laura Chapman  ,01 Mar 2021,,timothystad
lacey gallegos,12/14/2023,60,  Jonathanville  
THOMAS DELGADO,18-03-2022,42,CAINBURGH
  Joe Watson  ,16-07-2021,50,SOUTH KEVIN
CINDY HARVEY,2022-05-20,,davisfurt
  Rita Cook  ,16 Jan 2024,,north julieberg
  Travis Reese  ,28 Jun 2020,42,LOPEZBURY
  John Torres  ,22 Mar 2025,24,TAMARAVILLE
kevin reeves,10/10/22,,  Monicaside  
  Christopher Jones  ,2024-08-21,,SOUTH JEREMIAHFURT
julie reynolds,04/27/2024,43,  Laurenland  
michael mack,"November 11, 2021",,  South Dennis  
  Robert Merritt  ,12/16/2022,,changstad
STACY PAGE,01/07/22,,  Andersonchester  
  Kathryn Fox  ,07-08-2024,53,  Coxside  
RYAN FOSTER,08/30/23,,
SHERRI PROCTOR,2021-01-09,57,  Garystad  
MEGAN PALMER,12 May 2024,44,  Merrittland  
  Austin Williamson  ,05/21/2021,38,  North Alejandra  
jennifer grimes,2021.05.15,44,  Smithchester  
jennifer edwards,,33,
ERICA CARRILLO,2020-06-13,35,  South Mariah  
jonathan hunter,2023-08-30,24,  Cathyhaven  
jesse lane,03-01-2025,20,west jeanetteshire
RYAN SALINAS,28 Feb 2025,20,  Coxside  
kevin patterson,2023-12-14,29,EAST EUGENE
HEIDI SCOTT,2023-11-14,26,  South James  
jamie miller,,32,new andrew
LAURIE ROBERSON,2024.09.13,57,  Tracyhaven  
JACOB THOMPSON,"November 06, 2022",37,  Dodsonmouth  
mandy hudson,07/01/2022,35,stephensburgh
jennifer stevens,"December 07, 2023",,east nicholas
  Douglas Peters  ,01 Jan 2021,31,  Rachaeltown  
  Darren Navarro  ,2022.12.19,,new christina
elizabeth ford,,43,north christine
amber watkins,04/04/20,24,  Williamsfort  
KATRINA PETERSON,2023.04.27,37,
PETER ELLIS,2023.06.04,34,new kathyborough
joseph perkins,2021.12.05,,  Brucehaven  
kelly butler,08/02/20,42,
tiffany nelson,04/12/20,46,  Shannonland  
ROBERT BAUER,2025.02.25,33,PAULBURY
tom sampson,2024.04.23,47,CASEVILLE
ROBERT GLOVER,"June 12, 2022",,  East Alexandra  
  Emily Wyatt  ,"October 29, 2021",41,amberview
JIMMY MATTHEWS,29-01-2025,48,  Leslieview  
theodore davila,08/21/2022,25,amandaberg
KAREN KLEIN,2020-10-09,20,johnsonstad
  Howard Navarro  ,"February 05, 2023",,lake sandratown
VINCENT SULLIVAN,"April 25, 2021",37,  Christinemouth  
ALEJANDRO JENKINS,11/20/2020,,PORT STEVEMOUTH
jessica james,05/12/2023,34,  East Scottfort  
stephanie whitehead,2022-05-04,41,new scottmouth
sherry mills,2024-11-14,32,  Reedtown  
  Lisa Parks  ,12/22/21,28,  South Anthonyberg  
  Alicia Rogers  ,20-05-2024,23,  North Dustintown  
ARIANA GUERRERO,06/20/2021,53,PRICELAND
  Joe Cook  ,2021-04-07,39,  South Dylan  
  Lori Young  ,14 Aug 2022,54,
samuel cortez,2025.01.08,38,kyleport
  Clinton Palmer  ,02 Mar 2024,48,  Arthurville  
JAMES LEWIS,24-10-2022,32,south johnathanton
  Jacqueline Morgan  ,25-08-2021,56,johnburgh
lisa rose,"December 21, 2022",25,dayview
KARINA STEWART,2022-09-06,40,stephenstad
CAMERON WISE,06/26/2024,56,  Lake Cody  
brandi allen,"November 18, 2021",,CONTRERASBERG
jennifer yoder,30-01-2023,21,  East Mary  
  Tamara Yates  ,24 Jan 2023,22,stevenport
tammy long,06/27/23,37,  Perryborough  
KIMBERLY STANTON,2022.12.20,56,  New Tiffany  
  Marilyn Ruiz  ,13-03-2022,53,east paulshire
  Bonnie Glover  ,09/30/2021,29,  New Stevenview  
JEREMY MORAN,2023.11.22,50,  Port Joseph  
AMANDA FOSTER,01/26/2021,43,NEW HENRYSTAD
MICHELLE GRAY,2020.08.15,60,  Meyerborough  
JAMES STEPHENS,26 Jun 2022,37,michaelfort
CYNTHIA WALKER,07 Oct 2022,,new robertshire
denise vega,05/31/2024,27,WEST SARA
adam woodward,2020.07.29,27,JOHNSONPORT
CLAYTON ROBERTS,2023-09-15,,  Stephenmouth  
  Jordan Davidson  ,2023-12-19,59,  Port Paulashire  
KAYLA SAMPSON,2020-09-18,59,CHAVEZLAND
  Curtis Jackson  ,2021.06.01,23,stewartborough
  Cheryl Davis  ,,,  North Helenmouth  
ashley miller,31-01-2025,24,lake gwendolyn
kristen johnson,"June 06, 2024",47,  Adamsview  
  Angel Myers  ,2022.03.24,23,  Warrenburgh  
james barber,07/14/2023,55,gregoryfort
sandra pearson,,,  Christopherbury  
  Tyrone Griffin  ,2023.07.24,29,  Fisherstad  
VANESSA TOWNSEND,07/06/23,51,LAKE SARAH
  Melanie Estes  ,01/29/21,39,carrtown
  Tiffany Cobb  ,,,elizabethmouth
susan powell,09/27/20,29,HEATHERBERG
MICHAEL SMITH,2023-11-11,55,  Robinsonberg  
TRAVIS SILVA DDS,2022-07-20,37,SOUTH JENNIFERBERG
  Gavin White  ,02 Apr 2021,,LEONARDLAND
GLORIA HERNANDEZ,12/11/23,44,lindseyview
MARY TRAN,12-03-2022,55,port rebekah
cynthia marshall,24-05-2022,24,sheafurt
  Lauren Jimenez  ,12/02/2023,27,south chelsey
RACHEL ROMAN,28 May 2020,44,  Port Amandaton  
  Michelle Lee  ,03 Jul 2022,42,  North Joshua  
  Sheila Dillon  ,2021-05-11,48,SIMPSONSTAD
TRACY HUYNH,02/14/2021,31,WEST PAULSTAD
  Heather Alexander  ,2021.07.03,44,  North Connie  
JAMES CLEMENTS,11/11/2024,34,
renee white,02/22/2023,21,  Margaretview  
JAMES THOMPSON,2022.08.15,29,KAYLASIDE
KELLY ALLEN,09/15/2023,49,  Torresburgh  
  Julie Reyes  ,10/05/21,34,carrollshire
KRISTA NELSON,,34,  Jamesmouth  
  Donald Arnold  ,08-01-2022,31,west jacobton
  Kevin Vasquez  ,05/07/2022,60,  New Melissa  
renee dean,2023.10.10,43,  Lanefort  
dana rodriguez,,57,port robert
LORI CORTEZ,07/25/21,,masonland
SARA DAVIS,"June 19, 2024",44,  Troyview  
kristin garcia,2023-10-26,49,
  Rose Young  ,"November 21, 2023",42,east michellechester
CARRIE BAKER,2025.03.20,,  North Stephanieberg  
nathaniel pena,2024.05.02,47,  Burgessland  
MR. MATTHEW BARNES,2020-05-04,56,  East Eric  
  Heather Joyce  ,23 Jan 2022,25,lake steven
  Jerry Davis  ,2020.05.04,,NEW ANGELA
philip taylor,04-03-2021,53,  New Jerryville  
ERIN RICHARDS,11/10/22,42,  Michelleview  
jennifer jordan,"July 01, 2022",47,justinside
DANIEL HESTER,2025-01-10,53,  Santiagoport  
WILLIAM WRIGHT,03-04-2022,30,jessicaborough
  Nancy Wilkinson  ,10/21/2024,60,east barbara
karen jackson,,,west samanthatown
bianca morgan,28-06-2021,54,  Nancybury  
MITCHELL LANE,"August 01, 2021",52,  North Steven  
  Elizabeth Rivas  ,2021.03.28,31,  Bonniechester  
shannon stone,08/08/2022,30,anthonyshire
mary zimmerman,04/27/2021,31,brownfurt
HEATHER BOYD,01/25/2023,,  Sanderstown  
  Shannon Rowe  ,11/14/2024,44,  Obrienton  
  Vanessa Jacobs  ,,,EAST JUSTINVILLE
edward short,2022.11.11,54,mcdanielburgh
  Thomas Taylor  ,17 Nov 2024,44,  New Kristinbury  
MELISSA WELLS,11/13/22,26,east angela
FRANK ANTHONY,2024-04-22,,  West Kimberly  
  Gina Parker  ,"June 10, 2023",34,kimberlyport
sarah harris dds,15-06-2020,27,  East Melissa  
ivan perez,13 Jan 2022,32,port michael
  James Santiago  ,12/05/24,27,west devinborough
GABRIELLE FIELDS,07 Aug 2023,24,  South Rodneyborough  
  Mr. Joseph Petersen  ,08/10/24,,  Blackwellstad  
ROBERT BURNS,10 Oct 2020,49,south lindsayton
andrew chan,2023.03.05,59,WILKERSONSHIRE
  Johnny Hicks  ,"February 03, 2021",21,SOUTH NICOLEBERG
christopher jacobs,2024.03.31,30,NEW NANCY
jeffrey vang,26 Sep 2022,31,  North Carlybury  
sarah wells,"December 28, 2023",39,  West Kimberly  
  Katrina Lyons  ,24 Apr 2023,59,WOODBURGH
  Joseph Hawkins  ,2020.11.02,,north ambermouth
  Shawn Bryant  ,2020.10.21,,  Dunnmouth  
NATHAN WATSON,,40,south mary
SARAH HOWARD,2025.02.27,39,
nicole wilson,19-06-2021,24,shawnland
KATELYN RAMOS,"December 02, 2022",25,  South Sethtown  
anthony sanchez,11 Feb 2022,46,  East Benjamin  
jennifer ellis,03/27/2024,32,  West Brandibury  
MELINDA ARCHER,15-05-2021,,  South Edwinshire  
danielle chen,10/10/22,,  Tylerhaven  
randy hull,2025.01.20,45,south sabrinashire
BRITTANY GARCIA PHD,01/31/2023,37,  Andreaview  
  Karen Wilkins  ,,35,  Bethburgh  
terrence strong,2024-05-13,53,PORT LYNNMOUTH
emily hernandez,03-09-2024,25,sanchezside
CODY CAIN,08/10/24,,SCHMIDTSIDE
daniel odom,2024.07.28,51,  Smithborough  
debra padilla,"March 20, 2022",46,port ruth
KATELYN MURRAY,02-02-2021,,  West Adam  
christopher davis,"December 25, 2022",29,PORT TRACEY
  Kaitlyn Petersen  ,2024.01.24,,WEST CHRISTINESTAD
patrick hurley,09/14/20,40,BLANCHARDVIEW
nicholas booth,2023.02.08,51,  East Carolyn  
anthony austin,07/17/2024,58,south sarah
  Jessica Davis  ,2020.09.10,40,  Port Gary  
  Amy Hanna  ,"September 14, 2024",,  Brandychester  
  Sarah Torres  ,20-12-2024,54,  North Tracy  
michael smith,,,solischester
  Chad Howard  ,09/29/2021,51,north cassandra
  Daniel Mclean  ,"January 09, 2022",38,christianville
william jones,06/19/23,,  Perryview  
PETER LEE,2024.10.22,40,  New Lindaburgh  
  Kelly Hahn  ,2021-04-15,,  Sandershaven  
JACKSON CAMPBELL,03/31/2023,24,  Paulhaven  
  Sean Davis  ,2024.06.06,55,lake alishaburgh
  Sonya Everett  ,2022.10.16,58,  South Mariaside  
jeffrey zhang,"May 26, 2021",20,south bradleyton
MARK WHITE,07-01-2024,,NORTH TAMMY
  Eric Perkins  ,2021-01-19,60,  South Robert  
  Justin Sullivan  ,2024-08-01,,NORTH TARATON
  Jennifer Parrish  ,11-11-2024,35,LAKE TAMARA
james powell,09/07/2020,50,  Johnland  
lauren barnes,04 Jul 2022,49,  Georgeland  
karen hernandez,2021-06-13,38,  Thompsonfurt  
karen greene phd,2020.06.24,24,  East Suzannechester  
patricia schmitt,08-07-2021,32,  Sarahchester  
anthony bell,2022-05-05,,  North Jessicaville  
SHERRY RODGERS,03 Jan 2023,59,east bradley
  Amber Acosta  ,31-12-2020,26,  Lake Garyview  
SHELLY WILLIAMS,2023-07-07,,west sherrimouth
  Jessica Carpenter  ,06/01/23,53,daniellefurt
alexander wilson,,34,VICTORFORT
  Dana Boyd  ,28-04-2020,29,  Hartborough  
CHRISTOPHER BROOKS,09/28/2024,46,  Bradleyberg  
kathleen banks,24-03-2021,41,  New Amychester  
RICHARD CROSS,04-11-2020,60,  Walshbury  
  Allen Jordan  ,"April 18, 2024",34,  South Amyfort  
BETHANY LYONS,2021.06.10,21,  New Sheila  
  Christopher Wells  ,"April 02, 2023",57,lake heidi
brenda higgins,04 Aug 2023,58,  Edwardhaven  
norma graves,2022.07.25,20,
jennifer garcia,2024-06-21,,  Maryview  
kelly martinez,"February 07, 2021",30,wellsfort
SAMANTHA MILLER,03-03-2021,31,  Josephhaven  
christopher smith,2020.08.25,25,  East Kristine  
  Brandi Patterson  ,11-04-2024,,  Evanstown  
NANCY BURKE,"June 08, 2020",40,  Port Jennifer  
JACQUELINE ZIMMERMAN,2023-02-10,,  Randyberg  
charles lee md,07/26/22,,NEW PAUL
  John Burns  ,"January 04, 2024",34,  New Scott  
MARGARET GIBSON,04-04-2023,23,NORTH BRIANNATOWN
  Matthew Jones  ,,,lake kathryn
VALERIE MATTHEWS,29 Jan 2025,36,SOUTH ANGELA
  Anna May  ,"March 17, 2025",32,  East Kimberly  
jennifer saunders,02/23/2025,46,  New Jorge  
  Stephen Miller  ,17 Dec 2024,22,ALEXANDERLAND
ANGEL DONOVAN,27 Apr 2023,50,new jay
  Ashley Gonzalez  ,01/02/2024,25,PORT LINDSEY
  Sean Travis  ,,33,  North Kimberlyborough  
jaime campos,2024-10-11,36,mendozabury
  Donald Vaughan  ,02 Feb 2024,,  Meganhaven  
tanner armstrong,20 Aug 2020,32,  North Eric  
RAYMOND GRIFFITH,18 Feb 2022,34,  Lake Brianastad  
AUTUMN HARRIS,,60,north ryanmouth
  Jerome Patton  ,05/19/20,,  West Timothyside  
sean hayes,11/16/2021,59,  South Georgeborough  
RYAN CARPENTER,14-01-2021,48,wardview
SANDRA HARRIS,30-12-2020,42,  Port Jennifer  
joshua french,"September 26, 2023",31,  South Amberchester  
THOMAS SANCHEZ,02/05/21,24,  Mandymouth  
  Ashley Gonzalez  ,08/27/22,50,  New Karashire  
ANTHONY PARKER,12/03/24,24,  Port Lisaville  
JEREMY STONE,01/14/2022,,BRIANBURY
dennis aguirre,01/14/2025,25,
ashley watson,2020.10.20,45,RODRIGUEZBOROUGH
jennifer houston md,26-04-2022,31,baileyberg
brandy dickerson,"October 10, 2022",52,  East Alex  
kenneth thompson,06/05/23,35,  Port Robertview  
amber preston,2024-12-07,,SOUTH TRACY
  Amber Johnson  ,23-12-2024,60,  Johnsonville  
linda leonard,2024-04-18,31,  Michaelfort  
MARIO SHIELDS,18-01-2022,59,  East John  
KRISTINE COOPER,09/26/22,,  South Nicole  
carrie russell,2020-04-07,24,  Anthonyville  
nicholas ibarra,"September 08, 2022",27,  Kimberlyville  
  Amy Bennett  ,2020-12-13,46,  South Jonathanview  
christian monroe,"May 27, 2020",40,NORTH KELLY
  Vanessa Lopez  ,20-11-2024,27,west jesus
michelle davis,"September 12, 2020",42,  Robertport  
amy rhodes,2020-05-02,45,  Jenniferburgh  
tanya taylor,"May 18, 2020",45,KYLEHAVEN
  Ryan Molina  ,"June 29, 2020",54,  Port Steven  
christine gonzalez,,47,east johnstad
laura roach,04/05/2023,40,kimberlyhaven
DAVID CARTER,2020.12.09,53,
NICHOLAS EDWARDS,2024-10-24,27,VANESSASTAD
  Richard Velasquez  ,"August 13, 2022",41,  Andrewshire  
JESUS THOMPSON,,37,CONWAYPORT
daniel davis,,22,danielsshire
shawn herrera,04 Sep 2024,59,  Mariaside  
brian kennedy,2023.04.15,41,port paulville
  Karla White  ,2022-11-04,21,  East Ericton  
KATIE TUCKER,,,andrehaven
LUIS RIVERS,03/26/22,28,new greggburgh
amy flynn,"June 21, 2020",37,  Lake Matthew  
ANGELA GORDON,08 Dec 2024,58,jacksonberg
BEVERLY LEONARD,16 Oct 2022,51,  East Christopher  
  Martin Fuller  ,04/16/2024,,NEW CHRISTINA
  Julie Johnson  ,2022.06.15,42,monicaport
  Samuel Ortega  ,2025-02-20,36,  Amandamouth  
paul young,31 Mar 2024,,  Lake Fredtown  
  Adrian Blackwell  ,2023-05-03,38,  Gonzalezbury  
BRENDA SCHULTZ,"April 06, 2021",40,
JENNIFER ROMERO,27-06-2021,22,new kathy
APRIL FLOWERS,2022.05.29,29,  Lauraville  
dr. kylie villarreal md,14 Aug 2022,40,east hannah
  Steven Spencer  ,02/07/23,24,TYLERBURY
tracey rose,01/18/2022,23,bellstad
  Sherry Hale  ,2023-03-10,,  Johnmouth  
kelli estrada,"June 09, 2024",22,  Costafurt  
  Paula Becker  ,"November 06, 2021",,gloriaton
  Mary Nunez  ,"January 29, 2024",24,  Newmanton  
  Allison Short  ,30 Sep 2024,29,lake rachelfurt
  Kevin Sanchez  ,2024-11-15,60,lake charles
denise shepherd,"May 16, 2023",,CHASEVILLE
christine neal,"January 27, 2024",33,  North David  
  Natasha Hampton  ,2023-02-15,,  Harrisfort  
KAYLEE COWAN,2021-03-06,,NORTH HEATHERFURT
  Mia Dunlap  ,19-01-2021,23,dianetown
  Elizabeth Mitchell  ,04/23/23,43,  Antonioport  
LAURA MYERS,02 Dec 2021,51,  New Fernando  
  Jennifer Caldwell DVM  ,01-12-2020,,  Romerofurt  
JANE CARNEY,08/26/2023,45,  Sarahchester  
shawn anderson,,,STEFANIESTAD
MARIA ROMERO,2023.11.22,58,  Carrborough  
shawn lynn,2021-06-22,24,new edward
  Keith Rodgers  ,"April 07, 2022",,  Hunterberg  
CHELSEA BROWN,13-06-2024,59,west carriefurt
  Cameron Peterson  ,"February 27, 2021",57,
RACHAEL PENA,"August 11, 2024",,new ericashire
REBECCA YU,11/29/2023,28,  Barronton  
JAMIE MITCHELL,11/10/24,52,  Josephville  
JIMMY WISE,2023-01-22,,  West Kimberly  
DOUGLAS RAMIREZ,04 Jul 2023,25,MEYERSBERG
  Elizabeth Castaneda  ,"October 08, 2023",,east scottborough
  Kristen Levine  ,2021-11-04,45,  Laurenfurt  
jose crawford,2022-07-30,,  Owensfurt  
MARCUS THOMPSON,21 Sep 2021,57,christophermouth
edward wright,28 Feb 2024,34,  New Hannah  
  Deborah Jones  ,09/02/2024,34,  Lake Andrewburgh  
  Timothy Richardson  ,12 Nov 2020,55,  Victoriamouth  
TIFFANY SMITH,2023-02-19,,jackberg
  Vanessa Barnes  ,13 Aug 2023,36,elliottchester
kristy garcia,14 Mar 2021,47,  Sierramouth  
  Christopher Perez  ,"July 06, 2023",56,  West Jeffrey  
ronald hanna,14 Sep 2020,47,lake kristen
  Thomas Singh  ,2020-11-19,47,jonesview
miss laura ramos,03/07/22,50,  Aimeeside  
KRISTEN WILLIAMS,02/09/23,36,tuckerchester
heather moreno,2022-05-03,59,
MARISSA MILLER,"July 28, 2023",24,  Andreatown  
miranda fisher,2022-04-23,47,coxberg
julie andersen,2021-10-18,46,SOUTH LINDSEYVILLE
kimberly singh,11/14/2020,43,josephbury
erin torres,2023.01.30,28,west cory
  Tristan Aguirre  ,2025.01.24,,LAKE TREVORSHIRE
LISA WILLIAMS,04-11-2021,,  Veleztown  
tara mendoza,2021-02-22,,east angelaville
  Stephen Sanchez  ,2024-05-15,48,  Montgomerymouth  
BRIAN CRAWFORD,06 Jun 2021,36,RIVERSSIDE
william collins,"March 19, 2023",,
STEPHANIE JOHNSON,,46,  South Masonborough  
  Kendra Burns  ,2020.09.09,,  Gonzalesville  
amy lang,11/20/21,,  Williamsborough  
KEVIN LUCAS,"July 17, 2020",54,jakebury
monique martin,02/08/23,20,NEW LINDAVILLE
HANNAH NELSON,2024.04.25,,  North Annette  
MONICA BLACK,2021.11.08,50,perezburgh
  Sally Miller  ,"January 11, 2022",,
  Brandon Hall  ,,33,velezmouth
corey melendez,"May 01, 2024",55,blackwellport
william shah,10-12-2024,34,  North Jamesburgh  
  Sierra Anderson  ,2020-12-30,28,KARENFURT
VALERIE LAWRENCE,12/28/24,47,new steven
kenneth kennedy,"December 13, 2021",,  Hartland  
matthew scott,02/17/22,32,  Gonzalezburgh  
antonio morgan,2022-11-23,,  East Johnland  
  Michelle Mills  ,04/18/2020,21,NORTH SAMUELBURGH
  Corey Robertson  ,08/18/2024,40,south jenniferchester
angela smith,02/25/2025,41,east caleb
  David Moran  ,09/26/2020,57,  Torresmouth  
melissa young,,46,  West Leonard  
PATRICK YOUNG,,46,  New Tamara  
  Olivia Thompson  ,29 Sep 2021,34,west jamieshire
  Andre Jackson  ,10/20/2020,44,north natalieshire
  George Daniels  ,12/12/2024,29,port jeffery
MARY EATON,05/23/24,58,  West Angelaland  
TODD OROZCO,2020-12-19,54,  Jessicachester  
teresa hernandez,2024-06-08,48,  Jamesbury  
  Tara Pena  ,,31,lake kaitlynshire
rebecca smith,07/14/2024,,
  Mr. Kevin Garcia  ,02-07-2022,,  North Dawn  
LINDA REYNOLDS,2020-08-15,,east andrewchester
gregory wilson,,24,michaelborough
  Samantha Robinson  ,12/08/2023,,garciachester
joseph bowers,2020-12-27,59,
luis hammond,14 Sep 2021,51,  Lisaside  
CHRISTINE HAYNES,08/26/2023,40,NORTH JANESIDE
  Lori Higgins  ,01 Jan 2025,55,mitchellport
joe white,"August 24, 2024",58,  Lauraberg  
joshua powell,23 Apr 2021,40,port timothy
ERIN TORRES,19-07-2022,56,  Hendersonstad  
anna archer,,36,new shannonmouth
emily mcclain,05/06/2024,41,jefferychester
NICHOLAS MENDOZA,17 Mar 2024,24,  West Maryfurt  
THOMAS CRUZ,,,  Abigailburgh  
MICHAEL PIERCE,27-10-2023,21,west martha
amanda payne,2022.12.02,39,sarahport
  Tracy Dixon  ,2024.09.10,37,  East Denise  
JAMIE BARBER,12/17/24,,  Jaimemouth  
larry romero,,36,  Ginaland  
  John Wilkins  ,04 Apr 2020,37,LAKE MARILYNLAND
micheal compton,2020-10-10,,  Sparksfort  
mark chandler,08 Aug 2024,25,  Lake John  
JULIE WEBB,"August 11, 2022",41,ZIMMERMANLAND
anthony green,,27,  Morrisonmouth  
  Brandy Bentley  ,,53,lake amandaton
  Rose Hamilton  ,24 Dec 2020,35,LAURAFORT
ashley kelly,09 Sep 2020,35,east victoria
  Bianca Howard  ,2021.08.28,22,DIANABERG
jerry novak,"July 13, 2022",24,  Lake Tiffanyfurt  
janet montgomery,"April 05, 2024",58,lake brandon
  Chelsea Kelley  ,"May 18, 2021",50,huntermouth
barbara daniels,02/20/23,38,  Lauramouth  
ms. diana mcdonald dds,02/26/22,40,powerschester
DUSTIN OLSON,05/18/23,57,SOUTH SAMUEL
tanya garcia,2024.06.28,40,jeanfort
KELLY JONES,2021.06.08,53,  Lake Caitlin  
  Jaime Marks  ,12/02/2024,49,south heatherville
AMBER MEYER,01/28/23,55,  Crystaltown  
kimberly thompson,,24,new anthonychester
THERESA BROWN,07/27/2020,,MILLERHAVEN
  Marvin Ramos  ,"November 28, 2020",22,MULLINSMOUTH
melinda cross,02/09/2022,48,SOUTH MICHAELVILLE
LINDSAY KELLEY,23-12-2022,30,ernesthaven
ALEXANDRIA ANDREWS,12/29/22,39,SOUTH MICHAELSIDE
anna gardner,12/30/2020,37,  Williamton  
tamara maxwell,"December 19, 2023",32,west joyce
arthur anthony,"March 05, 2023",53,teresabury
  Kathleen Dawson  ,2023-08-17,32,port marvinburgh
  Julie Griffin  ,09-04-2020,49,  North Lauramouth  
  Aaron Clark  ,13-09-2021,25,NORTH CHARLESSTAD
JACOB CAMPOS,"November 23, 2021",,  East Brad  
  Kim Holmes  ,17-10-2023,32,lake kelly
IAN OWENS,07/02/2023,51,NORTH CHARLESMOUTH
  Matthew Black  ,08/23/2023,54,  Valerieton  
  Janice Daniel  ,01/12/25,,lake cassie
LISA LARSEN,"May 12, 2021",48,ROBERTSIDE
todd benjamin,05/04/21,20,WEST CHRISTOPHERTON
  Teresa Salazar  ,,,
  Alexa Wood  ,12/02/20,25,east chad
richard dorsey,2020-08-29,22,welchshire
  Sandra Travis  ,07 Feb 2024,,  New Craig  
  Robin Johnson  ,"January 16, 2025",52,  Brianport  
  Frank Russell  ,21-11-2021,33,SCOTTMOUTH
linda galvan,2024-11-21,,travisshire
ANDREW WILSON,2020-05-24,,  Maryport  
  Jesus Hall  ,06 Jan 2025,44,  North Tina  
  Holly Smith  ,01-03-2021,49,  New Jonhaven  
  Ronald Hoffman  ,05/25/2020,46,new virginia
eric horn,,30,  Krististad  
RICKY COOKE,2023.10.25,,port micheleberg
MICHAEL HOLT,03/08/24,49,clarkchester
sarah conner,,38,east calvin
robert schneider,"February 04, 2024",,  Lake Stephanie  
sandra hebert,2020-07-31,41,west stacyfort
kathryn thompson,02/01/22,52,east aaronhaven
  Christina Ellis  ,26-08-2024,21,  Lake Christine  
JENNIFER PORTER,10/05/2024,38,  Gilbertton  
GEORGE GRIFFIN,20-11-2022,37,  North Mariahaven  
nancy guzman,2022-02-10,,south daniel
arthur bell,06/06/24,28,  Smithton  
  Justin Hernandez  ,"October 24, 2021",49,  Robertsville  
edward gonzalez,,,MARTINBERG
jamie jackson,02/08/2023,54,toddchester
thomas holland,07-09-2023,24,NEW LISACHESTER
samuel sanchez,24 Oct 2023,33,  Zacharyfurt  
  Cassie Barber  ,10-01-2023,29,RICHMONDTOWN
PATRICK CARR,2023.03.09,,  Thompsonshire  
STEPHEN MARTINEZ,2020-04-27,60,  South Lisa  
  Sharon Randolph  ,08/19/22,,  Pamelaside  
margaret cruz,15 Jan 2025,28,  New Daryl  
  Kevin Williams  ,26 Mar 2025,35,TRACEYSIDE
CANDICE PETERS,05/13/22,,  South Jackland  
MICHELLE LEACH,19-05-2020,38,  Yangview  
colleen campos,"August 04, 2024",27,new robynville
  Tammy Murray  ,2023-02-03,,
  Chris Thomas  ,,20,  Port Gregory  
  Gregory Bryant  ,2024-03-08,60,south adriantown
  Marvin Hayden  ,07/30/22,49,MORRISLAND
jennifer clark,"December 04, 2023",29,PORT EMMA
robert greene,2023.12.08,45,  Holmesborough  
william miles,10/10/2020,,  South Elizabeth  
mark williams,02-05-2022,,  Silvaview  
  Kenneth Smith  ,05/04/23,32,  Faulknerland  
  Natalie Clark  ,19-05-2021,,parkermouth
SARAH HOWARD,2024-09-19,35,JUSTINTOWN
KATHERINE MURPHY,21-08-2022,39,east brianna
GUY CARDENAS,24 Apr 2024,32,christopherhaven
  Catherine Carter  ,2024-09-11,43,  Priscillaland  
stephanie williams,12/08/22,53,lyonsfort
LUIS COX,27-05-2024,28,  Jeffreychester  
  Jeremy Anderson  ,2024-09-08,55,  New Lisamouth  
  Brenda Wall  ,02/22/24,39,  West Amy  
NICOLE PETERSON,"October 23, 2020",25,  South Rachael  
ASHLEY TERRELL,18-04-2024,27,  Lake Richard  
  Kristin Diaz  ,07/04/2021,47,WOODFORT
AMANDA HALL,2022-11-02,24,  New Brittanymouth  
  Willie Bennett  ,21 Aug 2020,,port rebecca
  Amy Adams  ,08/04/2020,,south jonathantown
SHANNON SMITH,05-12-2022,26,  Evanburgh  
  Warren Thomas  ,2024-04-01,31,  North Kelly  
DAVID WRIGHT,,51,north latoyamouth
  Christopher Mitchell  ,,,  Lake Robert  
MICHAEL MATTHEWS,25 Apr 2021,42,port aaron
  Deborah Kidd  ,12/27/23,41,new karenton
  Amanda Gentry  ,28 May 2023,21,PORT MELISSAFORT
  Paul Adams  ,"December 19, 2023",55,  New Victoria  
AMY SULLIVAN,05/23/2024,,west paula
alexander villarreal,2024-12-22,27,NORTH CAROLBERG
luis gonzalez,"November 15, 2020",25,  South Amanda  
sherry bates,08/04/2021,57,  North Chelseachester  
  Gary Gallagher  ,09/02/2022,40,lake jenniferfort
donna edwards,15-11-2023,21,
jose richards,30-03-2023,25,  West Nicoletown  
  Kelsey Peters  ,"May 23, 2023",,south joel
  Regina Johnson  ,,49,SOUTH CHRISTOPHERPORT
matthew parks,,36,  Dillonfurt  
gerald hull,09-05-2022,59,  North Joshuabury  
  Charles Avery  ,,25,port nathan
EDWIN FOX,2021-11-17,31,  South Michelle  
  Christopher Young  ,,27,  Sandraport  
levi pittman,2025.02.19,,east kevin
  Monica Saunders  ,09/06/22,53,  South Amandahaven  
donna schneider,30 Jul 2022,54,port linda
  Kiara Sims  ,09/10/2022,38,  New Johnstad  
  Jason Flores  ,04/10/23,53,  Staceymouth  
  Joshua Harrison  ,2023.09.08,52,MILLERSIDE
barbara jones,2024.11.12,54,  West Mary  
victoria allen,08 Dec 2024,53,SOUTH MICHAELVILLE
MICHELLE JACKSON,23-11-2021,34,EAST THOMASFURT
  Jason Chase  ,02/12/2023,,LAKE ROBERTBURGH
duane carey,07/07/24,35,JEREMYTOWN
  Becky Diaz  ,,39,
TINA MARQUEZ,16-01-2024,20,JOSHUAPORT
jennifer duncan,23-08-2022,30,  Bakerburgh  
martha riley,03/25/2025,,  Salaston  
GEORGE JACKSON,2021.06.11,40,  Russellview  
SHANNON NGUYEN,02/07/2021,23,north charleschester
daniel howard,2024.12.22,46,  East Jeffreyville  
monica owens,,,  East Melissa  
lance duran,2023.04.13,36,  Browntown  
KRYSTAL DAVILA,2024.07.02,34,CASSIEVILLE
PAUL BAKER,09/07/2021,60,  Paulborough  
tyler rose,05/19/2023,44,  Port Sarahland  
  Steven Perez  ,05-04-2020,35,  Youngburgh  
JOHN COOPER,20 Nov 2022,60,  North Michael  
MELISSA LOPEZ,08/17/24,55,elizabethburgh
BRAD HAYNES,09/27/21,41,  South David  
  Deborah Castro  ,14 Aug 2022,25,LAKE ERIK
AMANDA CURTIS,03/25/21,49,garrisonville
  Patricia Mccoy  ,07/25/23,33,east william
JOHNNY CALLAHAN,2022.06.16,27,LEEBURY
  Jennifer Sanders  ,2023.01.28,,east michelle
  Nicole Rice  ,21-02-2025,,  Port Robert  
  Joel Torres  ,18 Oct 2024,50,  North Lindsey  
ANDREA MILLS MD,,28,new nichole
  Michelle Daugherty  ,,23,west derek
  David Rodriguez  ,01/15/2023,,thomasside
deborah johnson,2020-05-09,51,
DEBORAH DAVENPORT,05/09/2024,,  Port Jonathan  
debbie mason,07-11-2022,31,ASHLEYBURGH
DONALD MILLER,"September 12, 2022",23,MARTINEZFORT
candice welch,12-09-2020,46,  West Teresamouth  
  Donald Hill  ,03-12-2021,,  North Adriennehaven  
  Richard Parker  ,24-03-2023,46,port jennifer
brandon nicholson,13 Oct 2021,47,  Smithstad  
  Shannon Perry  ,02 Feb 2021,53,  Port Barbara  
linda parker,20-03-2022,42,port tinaburgh
  Pamela Walker  ,2022-10-03,34,  Lake Brian  
amanda brooks,11/28/20,50,  East Kristy  
  Terri Smith  ,"July 07, 2022",52,  Pittmanburgh  
leslie graves,2020-05-18,38,NORTH NATALIE
natalie valdez,12/18/23,42,WEBSTERVILLE
ANTHONY MERCADO,10 May 2024,22,  Lake Sabrina  
ruth griffith,2022.05.18,,  North Darlenechester  
  Christopher Rogers  ,07/21/23,49,  Jayview  
jamie herrera,24-09-2024,,new deborahside
ZACHARY RICHARDS,"September 14, 2021",34,melissaside
MIRANDA JACKSON,2022-07-08,25,  Rodriguezfort  
seth williams,,,larsenshire
  Kimberly Phillips  ,05/30/2022,57,tiffanyview
shannon sanchez,09/19/23,59,  Melindaville  
  Shane Banks  ,29 Jan 2022,44,marksfurt
sean short,2024.02.19,,  Lake Timothy  
  Terry Cisneros  ,,22,  Johnsonshire  
  Sheila Jimenez  ,,,lopezbury
  Jennifer Wilkins  ,28-06-2022,,faulknerland
robert brown,2021-12-06,35,  Raymondport  
  Chad Chandler  ,2021-11-06,59,north reginald
MATTHEW SNOW,08 Dec 2022,40,  Kathybury  
hunter kaiser,,30,port rachel
  Beth Blake  ,2021-12-18,,  Blackberg  
eddie mays,"June 28, 2024",59,  East Connorburgh  
  Leslie Hernandez  ,2025-01-26,,GREGORYLAND
  Jesus Johnson  ,07-07-2020,32,  Jessicaborough  
TERRI SUTTON,15-10-2022,44,JEFFREYBERG
stephanie drake,10/07/2022,59,  Shawnfort  
PHILLIP MATTHEWS,2022.11.20,45,lake timothyshire
  Amanda Martinez  ,02-11-2022,53,VICTORIAHAVEN
stephen myers,27-10-2024,27,south meganshire
brian allen,2023-10-16,,east brian
  Sean Garner  ,05 Jul 2020,22,  East Michaelport  
TYLER MILLER,01/17/2025,44,SOUTH WILLIAMSTAD
bailey reid,11-07-2021,31,gardnerside
jeffery wade,05/14/2021,34,CAITLINCHESTER
  James Thompson  ,03/16/25,,SOUTH JUSTINLAND
DANIEL JOHNSON,01 Oct 2023,45,COLEMANFORT
  Mark Allen  ,17-11-2022,,  Jacobsbury  
  Jennifer Perry  ,,57,  Kylefurt  
MICHAEL NOVAK,10-12-2020,24,east lori
DAVID MILLER,07-05-2023,,south joshuahaven
angela robinson,01-01-2025,54,  Lake Oscar  
james serrano,11/22/2023,,NORTH EVELYNFURT
  Jennifer Hawkins  ,,43,  Port Amy  
leslie graham,18 Jul 2023,,lake hannahton
  Christina Cox  ,12/09/21,38,new courtneyshire
ALEX HUNT,2024-10-25,44,  Scottfort  
CHAD GREEN,2023.02.19,59,  Port Matthewberg  
  Jordan Johnson  ,2023-03-19,51,EAST ANDREW
  Robert Dyer  ,2021.06.15,43,  East Vincentmouth  
CHERYL WOODWARD,"July 27, 2021",44,angelaville
  Sarah Collins  ,"August 12, 2022",39,  New Taylorview  
lisa mcdonald dds,12-10-2023,,  Dennisview  
  Heather Jackson  ,"September 06, 2024",36,KRISTIBURY
michael anderson,30-01-2023,46,tyroneburgh
DEANNA BAILEY,11/24/21,40,  Teresafurt  
  Karen Guerrero  ,18 Apr 2024,,  Valerieton  
  Justin Adams  ,2021-09-30,47,  New Jerryton  
donald morton,2020-05-20,47,  New Chadtown  
SARA KEMP,2021-07-26,55,everettborough
KIMBERLY HALL,2020-07-22,55,smithfort
SONIA SANCHEZ,02-02-2021,34,NEW SARAH
  Michael Ferguson  ,12-03-2021,30,rileytown
  Steven Phillips  ,,57,  Amyville  
  Renee Ramirez  ,,,  Port Paul  
  Edward Rodriguez  ,2023.10.30,20,joychester
  Shelley Hill  ,09/21/2024,36,north michael
  Angela Anderson  ,02 Aug 2022,38,port tanya
samuel smith,"February 23, 2022",57,west theresa
JULIE DIAZ,2024-01-15,,  West Crystalstad  
JOSHUA DAVIS,23-07-2020,59,  Jamesland  
troy smith,2024.11.28,49,  Genehaven  
KATHERINE STONE,07/10/21,54,  East Anthonyport  
  Crystal Gonzalez  ,"July 10, 2022",51,  Cannonport  
JAMES MURRAY,2022.03.10,34,VINCENTFORT
  Christopher Mullins  ,28 Mar 2023,23,stephaniefurt
christy glenn,"April 12, 2021",48,  Cameronfort  
michael nguyen,06-11-2022,28,  New Taylorview  
TRAVIS ROBLES,,27,  New Jessica  
julie mitchell,06-01-2022,40,parksshire
DAVID JOHNSON,"July 25, 2020",28,lake jerome
  Danielle Stokes  ,10/03/23,39,  New Haroldville  
wendy kelly,2024-02-17,47,  South Erictown  
  Kiara Brown  ,2024.05.31,47,  West Nicole  
  Amy Blackwell  ,2021.02.07,56,north jessica
NICHOLAS LE,"March 12, 2021",,EDWARDSLAND
  Daniel Cook  ,2023-10-18,59,  Lake Williamhaven  
  Michelle Banks  ,01/20/23,,north susanmouth
frederick williams,20 Mar 2021,46,richardbury
eric torres,"December 13, 2021",37,  Robertborough  
  James Wilson  ,2024.11.14,28,  Rodrigueztown  
carol johnson,2023-01-28,37,east amandaport
kevin shannon,,39,  Veronicaside  
CHRISTOPHER MARTIN,09/30/21,47,north ashleyborough
  Lynn Doyle  ,2023.07.20,,hollytown
  Lisa Lang  ,2022.08.20,28,  New Coltonside  
shane vang,,,  West Margaret  
  Katrina Bennett  ,17-04-2022,60,  Gilbertland  
ashley mccoy,"June 08, 2023",,  Nicholasland  
timothy jimenez,12/25/24,34,montesport
richard osborn,09/20/23,43,south sarahside
LOGAN LEE,2023-06-14,,
  Curtis Osborne  ,"May 06, 2022",,  Annborough  
MATTHEW COOPER,08 Aug 2021,,west kylebury
  Daniel Walsh  ,,50,NORTH PAULLAND
stephanie barrett,02/24/25,,  Andradeborough  
daniel powell,,22,NEW CARRIETON
michael patterson,2023.01.21,59,warnerton
ELIZABETH RODGERS,03-06-2024,51,  Port Sheilaburgh  
  Carrie Jones  ,11/15/2023,52,philipside
DAVID SMITH,30-11-2023,33,JORDANHAVEN
JOHNATHAN COLLINS,2022-07-22,50,port parker
  Maria Montgomery  ,,40,  Shaunport  
  Barbara Thomas  ,2023.05.25,24,new christopher
jermaine edwards,"June 03, 2024",,ROJASVILLE
kristen foster,02 Dec 2020,,harrisonview
danielle davis,"March 20, 2021",52,west paulmouth
daniel armstrong,07/22/2021,34,SOUTH KEVINSHIRE
  Rebecca Smith  ,12/19/2024,,NEW EMILYSHIRE
  Kelsey Elliott  ,09/05/2023,36,  Lake Marilynton  
ANNE MARTIN,04/29/2021,33,  Johnborough  
SARAH GEORGE,12/25/2022,57,west diane
  Selena Smith  ,,40,JOHNSONBOROUGH
clayton stewart,28 Sep 2024,,COWANTOWN
ALEJANDRO GORDON,02/12/24,53,  North Christopherburgh  
kyle jones,,26,  Port Carol  
  Paul Wilson  ,04/16/2022,52,bradleymouth
JOSEPH BLACK,2022-03-25,,  East Mark  
colin griffin,"September 08, 2023",21,
kelly ware,2021.01.12,53,  Jerryton  
lisa vasquez,"December 14, 2024",24,  Williamsfurt  
  Rachael Brown  ,,,  Port Andreview  
  Jennifer Ruiz  ,22-04-2020,57,lake isaachaven
  Thomas Jackson  ,2022-10-21,46,  Stephanieshire  
  Melissa Sexton  ,"February 02, 2022",59,
CHRISTINE HOGAN,03-11-2022,23,  Avilabury  
MELISSA UNDERWOOD,04/16/2024,42,
  Paula Lloyd  ,2023.02.27,55,  Susanstad  
  Jessica Smith  ,2020.12.20,53,PORT FREDERICKVILLE
  Jennifer Lawrence  ,2023-07-09,20,  Patelport  
david costa,"August 26, 2023",,OLIVERSIDE
terry silva,07-03-2023,,valenzuelaside
nancy miles,"February 20, 2024",,  New Tracyborough  
STEPHEN STEVENS,2021.05.21,,gabrielside
  Scott Robinson  ,,21,  Port Meganfort  
CYNTHIA JACKSON,"March 27, 2022",54,
MARK GARCIA,2021-05-14,32,  Amandaland  
TYLER BELL,2020-11-14,45,east edgar
GREGORY GREER,07/23/2022,57,michaelfurt
matthew scott,,54,  New Lisatown  
susan adams,13-06-2022,46,port lisaborough
  Matthew Avila  ,09-09-2024,21,  Port Diana  
regina dodson,04/24/2022,26,  North Abigail  
ashley wright,,22,  Courtneyside  
  Erin Todd  ,29 Nov 2020,54,  Lake Russell  
  Barbara Garcia  ,"February 08, 2025",26,  New Erinchester  
jennifer villanueva,05/11/20,42,NUNEZFURT
jeremy cooper,,54,EAST JOSE
sandra serrano,28 Nov 2024,37,  Reynoldschester  
stephanie cruz,06/11/22,22,  Hessshire  
  Tracey Booker  ,07 Oct 2022,50,  Debraport  
SHARON GOLDEN,09/17/21,39,  New Maryville  
LINDA RAMOS,06 Jan 2023,33,danielhaven
breanna nelson,2023.06.06,36,  Lopeztown  
blake cook,23-02-2023,31,AMBERSIDE
  Caitlin Lamb  ,15-01-2022,,  Blackwellland  
rebecca kramer,,,THOMASFORT
daniel cruz,06/16/2023,,  Abbottborough  
JONATHAN BANKS,2020.05.07,29,AMANDATON
nathan hill,2021.06.03,43,
  Melissa Hill  ,13 Oct 2020,53,east jimmy
larry stone,11/30/20,46,  South Brittany  
jennifer morales,2024-10-10,48,  Perezborough  
LARRY GOULD,"May 13, 2021",57,  Stewartberg  
melissa ramirez,2022.11.27,,DAVIDFORT
  James Moon  ,03/16/2021,40,lake michaelstad
  Dwayne Savage  ,28 Jan 2024,35,NORTH MARIA
MADISON JOHNSON,2023.05.27,50,  East Matthew  
  Tammy Gibbs  ,,29,  North Crystalborough  
mark hall,"March 17, 2022",,  Lake Staceybury  
oscar castro,29-07-2024,51,  Mendozashire  
WILLIAM HENDERSON,2022.06.27,,  Dylanchester  
timothy smith,05/22/2020,57,  Caitlinshire  
kristy burke,03 Jun 2022,38,  East Matthewport  
kevin larson,08/27/24,48,north jamie
  Ricardo Walton  ,2021-10-19,36,west sarahhaven
kathleen martin,2021.08.02,,WEST NOAHFORT
shelby mckinney,,27,  Romeromouth  
  Shelia Young  ,2024-05-02,22,HARRISPORT
OSCAR VALDEZ,"March 06, 2023",24,schwartzfort
david richards,13 Nov 2024,33,new kayla
robert tate,"April 20, 2024",37,  Reyeschester  
STEVEN GRAVES,,,  Teresastad  
KELLY EWING PHD,16 Jun 2021,29,  Greenbury  
  Brenda Wood  ,2024-02-22,54,east vincentton
keith powell,03/17/2025,55,  East Graceland  
  Ryan Winters  ,"June 10, 2022",56,  Townsendshire  
trevor cortez,"November 26, 2024",32,
patrick johnson,2020-09-04,,  North Wendyhaven  
brian martinez,01/18/23,41,lake gabriel
  Eric Vance  ,2021.04.13,33,south michelefort
  Misty Smith  ,06/11/20,,  South Donaldland  
  James Dennis  ,09/29/2023,44,  New Savannah  
  Christine Miller  ,04-02-2021,58,NORTH DIANA
jeffrey howell md,10/09/2020,,MONICASHIRE
  Donald Scott  ,2023-12-03,24,  West Renee  
SHANNON COLEMAN,05/25/2022,40,
kelli tyler,01/16/2023,54,  Potterton  
kristen moore,"March 28, 2022",,  Lisafort  
EDWARD FERRELL,2024.07.13,33,new sara
kerry parks,2020-07-11,20,south austinhaven
  Emily Benjamin  ,"November 23, 2021",47,  Port Deannafort  
  Daniel Oneill  ,10/19/2020,47,new annetteton
joe simmons,21-03-2023,46,  North Amandaview  
LINDA GARCIA,02 May 2020,20,  Port Juliaport  
  Sean Young  ,03/01/24,43,  East Tiffanyport  
  Anna Mosley  ,15-06-2022,50,MOSSPORT
anna pearson,2022.03.08,59,tammyfort
donald good,2021-07-15,31,  South Jessicaberg  
JACQUELINE WALKER,16 Dec 2023,,south ericamouth
jose davis,15-01-2025,39,tylershire
james phillips,27 Dec 2024,,santanaborough
  Richard Murphy  ,"February 15, 2023",33,port susan
donald green,,,  Kimberlymouth  
matthew fields,12/28/20,32,NEW JAMESFURT
JAMES WOOD,2023.07.09,49,south brittanybury
charles moore,2021.07.11,57,  Wilsonview  
LORI WARREN,09/14/2020,59,NORTH LESLIE
ronald pugh,2020-05-16,58,port karenfort
angela hawkins,09-04-2022,36,east caitlin
JEROME BARNETT,2021-07-08,22,  East Melvin  
joe young,03/08/25,59,NEW JOSHUATON
brooke riggs,,,TIMOTHYMOUTH
  Natalie Gardner  ,2020.08.21,55,  Port Gabrielland  
  Bradley Bishop  ,"April 14, 2022",43,mooreton
  Stephanie Phillips  ,03/17/24,36,  South Kristy  
mr. timothy malone,2021-09-18,42,olsonport
jennifer harmon,16-06-2021,44,port hollyhaven
CATHERINE TRAVIS,12/24/20,39,port amy
DAVID FLOWERS,2023-09-18,43,south andrewburgh
joe grant,14 Jan 2023,,  Jamiefurt  
  Jeanette Vincent  ,"October 23, 2022",26,  Kaylaside  
VERONICA WARD,2025-03-02,22,  Lake Austin  
BRANDI LEWIS,12/15/2020,45,west cheryl
  Danny Ortega  ,05-06-2022,41,  New Erin  
keith lee,08/05/21,32,  Morganchester  
  Selena Simmons DDS  ,2021-01-09,35,NORTH GABRIELLEVIEW
LISA JONES,15-06-2020,,jacquelinestad
david richardson,11/03/2022,49,  Jenningsbury  
crystal barnes,05 Dec 2020,59,  Jamesbury  
DR. KIMBERLY TAYLOR,06-03-2022,44,JESSICACHESTER
NICOLE JORDAN,2025-01-23,,  Williamsonton  
RHONDA HERNANDEZ,,,tamaramouth
jonathon clark,07/14/2020,,kathrynburgh
  Jose Gonzalez  ,05/26/2022,49,port thomas
matthew lopez,15 Aug 2023,,villegaschester
JEFFREY PATRICK,"June 10, 2024",41,new jenna
  Justin Zuniga  ,08/06/20,47,katiechester
COREY DAVIS,29-08-2024,,elliottburgh
DAVID MELENDEZ,29-10-2023,58,  East Joseport  
robert hansen,2024-12-11,57,  New Mary  
  Thomas Kidd  ,08 Mar 2023,56,WEST ROBERT
  Shirley Hardy  ,01-01-2025,,  North Mitchellton  
  Angela Willis  ,2021-08-11,40,  West Crystal  
  Deborah Sampson  ,09/09/23,60,port crystal
dustin hansen,09/25/2023,30,port sharonfurt
SUZANNE BANKS,2024-06-11,24,jaredburgh
JOSHUA BECKER,2021-10-03,56,  Coxton  
  Laura Carlson  ,2022.07.05,52,  Danaborough  
mandy livingston,09/09/2022,35,lake michaelfort
JEREMY HARRIS,,45,  North Kellyland  
  Sydney Singleton  ,"August 27, 2022",45,dylanburgh
  Shannon Craig  ,,48,stevenside
  Jillian Moreno  ,12/28/21,36,WHITETOWN
CYNTHIA STEWART,24 Dec 2022,60,  Davidshire  
TERESA POPE,2021-03-05,38,WILLIAMSSTAD
TOM KENT,2024.06.21,26,  Lake Kevinville  
david johnson,18-08-2022,56,NEW MICHELETOWN
lauren harrison,2022.02.25,,  Lake Philipburgh  
  Gina Oconnell  ,2021-12-19,26,prestonville
WENDY KENNEDY,16-08-2023,22,south bianca
EMILY YU,"August 19, 2023",51,  Michaelbury  
beth mcclain,18 Feb 2025,54,wendyborough
lisa jacobson,08-09-2022,56,lake matthew
sheri mcdaniel,"September 08, 2022",24,hillberg
ASHLEY JOHNSON,"June 19, 2023",32,LESTERMOUTH
  Michael Powell  ,"September 20, 2022",38,lake valerieborough
ross haynes,,27,  Lake Micheleshire  
AMANDA SNYDER,2022-03-03,27,east melvinburgh
PATRICIA MONTOYA,2023-05-10,,  Jacksonshire  
KIMBERLY MILLER,04 Mar 2025,,  West Melanie  
ian welch,07/04/2023,57,  East Michelle  
pamela kelley,25-06-2023,42,  East Jennatown  
  Caitlin Merritt  ,2024.12.29,57,  Bruceport  
  Emily Wilson  ,,,south melissa
  Sarah Odom  ,2021-06-25,,THOMASBOROUGH
  Brittany Cohen  ,10 Aug 2022,,  Port Stephanie  
  Joshua Clayton  ,10/12/2022,25,  North Robert  
patricia olson,02/02/21,32,nathanielfurt
annette middleton,2023-02-10,,  Lake Stephanie  
jessica king,2024.07.04,,port judith
michael peters,28 Feb 2024,53,  Lake Crystal  
robert hall,12/02/2020,39,  Lake Michael  
terry powell,,34,edwardport
SCOTT WOLFE,2023-06-30,49,west michael
austin bell,2023-12-20,59,youngchester
TERRY VARGAS,21-08-2023,44,  Davenportville  
andrew wong,06-12-2022,21,LEAHSTAD
heather sharp,2024-04-05,41,lake jo
nathaniel reyes,2020.10.21,51,  Andrewstad  
DAVID ROBINSON,,52,north jamieberg
  Ebony Hawkins  ,2023.01.30,34,east christopher
timothy bell,2020.12.21,39,  Rollinshaven  
mary bell,2020-10-30,20,danielport
  Lori Simmons  ,03/24/25,44,sarahtown
timothy harris,15-08-2022,38,  West Aprilburgh  
  April Ramirez  ,2022.01.01,,MORALESTOWN
jose riley,2023.09.10,26,  South Kendraton  
  Vernon Watson  ,"August 09, 2023",49,  New Carlos  
  Mr. Carl Harrell  ,2025-02-21,42,NORTH KIMBERLY
MICHAEL BROOKS,2024-08-19,56,  Mcintyremouth  
  Eddie Fitzgerald  ,10/22/2023,56,clayhaven
  Christopher Martin  ,09/28/22,24,  Dunnmouth  
JACOB ROBERSON,2021-11-30,23,  Lake Sean  
thomas johns,23 Aug 2020,29,south donna
victoria hopkins,"April 18, 2020",,east cynthiatown
ALAN SAWYER,2021-11-02,30,HARMONCHESTER
  Michael Khan  ,2024-04-12,44,lopezborough
  Frederick Kelly  ,,,  Lake Evanberg  
terri mclaughlin,2022.12.05,49,  New Courtney  
willie phillips,"June 28, 2024",35,NEW VERNONLAND
STEPHANIE CHANDLER,2024-06-30,,  Juliaberg  
ERIKA LONG,"March 11, 2022",54,GARCIABURGH
shelia smith,15-01-2022,35,lake brendamouth
LINDA ONEILL,06/08/20,39,LIUBOROUGH
  Dustin Page  ,15 Jan 2021,59,juliebury
carla mccullough,07/21/20,48,south melissa
  Shelby Johnson  ,01/30/2023,25,east kenneth
bryan terry,2023-02-07,37,east katherine
  Kimberly Owen  ,"October 01, 2020",44,reneebury
shannon watkins,04/13/2020,45,west bettystad
molly smith,2020.09.16,,port kevin
  Matthew Walter  ,13-02-2024,54,
  Janet Brown  ,2022-04-12,44,  Brianmouth  
  Misty Stafford  ,17-04-2021,26,kaitlynshire
lindsey johnson,10 Jul 2022,41,dalemouth
  Brian Oliver  ,06/03/2022,,east kelly
  Susan Freeman  ,03 Aug 2021,32,smithmouth
  Erika Murray  ,11/18/21,47,MEGANBURGH
charles camacho,05/15/21,36,north chelseastad
  Kimberly Macdonald  ,"March 11, 2023",47,LAKE SCOTTFORT
  Michael Riley  ,2020-10-08,,  South Nathaniel  
CHRISTOPHER MARSHALL,05 Feb 2021,59,  East Shannonside  
keith hinton,2021.05.03,50,  Smithmouth  
  Linda Bowen  ,05-12-2023,35,  New Sandrastad  
  Jenny Carpenter  ,12/21/2024,59,atkinsborough
  John Jensen  ,"November 03, 2020",42,WEST CHRISTOPHERBURY
DIANE MENDOZA MD,02/08/2022,53,NEW ROBERTSTAD
brandi cain,2023.10.22,25,  Englishtown  
KRISTI ORTIZ,11/13/22,29,
  Tara Wagner  ,06/05/2020,53,north tamaraport
  Robert Barber  ,05/21/2024,33,  Colemantown  
DEREK CLAY,14 Feb 2023,,north ryanbury
leonard alexander,02/18/2023,52,  North Brian  
  Helen Pineda  ,2021-07-09,,south jeannebury
juan perkins md,"March 06, 2025",33,deniseshire
DOUGLAS DILLON,05/10/2020,25,davistown
april parker,10/06/2022,49,hodgesborough
brett humphrey,18-01-2021,49,  New Scott  
  Mrs. Kathleen Delgado  ,04/16/2021,51,
  David Douglas  ,07/23/24,36,HOUSEMOUTH
  Megan Henderson  ,13 Jul 2022,,  East Phyllis  
julia simon,02/17/25,43,new johnside
ANN PETERSON,,39,  Amyberg  
christina jackson,11/26/23,52,  Port Ashley  
  Derrick Evans  ,2025-02-14,37,sanchezhaven
jennifer turner,2023-04-01,,  Collintown  
  David Johnson  ,,41,  Elizabethshire  
  Nancy Wilson  ,06/23/23,43,EAST KELLYMOUTH
DIANA BERNARD,2021.06.07,39,  Davisville  
SHANNON PATRICK,2022.03.07,48,matthewland
JOSHUA LARA,17-04-2021,45,carrollland
sarah hamilton,03 Jan 2022,43,pamelaview
MRS. BARBARA ELLIS DVM,26 May 2020,46,YVETTEBURGH
thomas acosta,20 Nov 2022,,port austin
  Jennifer Collins  ,12 May 2020,,new gregorychester
stephen porter,2021.06.18,52,  South James  
  Jose Watkins Jr.  ,08-01-2021,43,  Hallberg  
  Teresa Stark  ,2025-02-16,,south nicholasbury
carlos williams,09/01/20,54,
patricia snow,2022-05-09,21,  Starkview  
christian white,11/24/2020,59,  East Kathryn  
  Kyle Lee  ,01 Mar 2024,,jessicahaven
ariana burns,11 Jan 2021,23,lucasview
TONI KING,2022.07.24,26,matthewtown
belinda castillo,,28,arnoldstad
JACOB FRENCH,2022-10-01,49,pricefurt
dennis bernard,21 Oct 2024,31,  South Jennifer  
  Caleb Castillo  ,15-10-2023,56,south robertmouth
LAURA ROBERTSON,2023.08.29,34,  Jonesmouth  
  Jason Marsh  ,04-03-2025,35,  Port Jessica  
VANESSA ROMERO,28 Jun 2020,23,NORTH ANTHONYFORT
  Timothy Miranda  ,27 Oct 2020,31,  East Eric  
  Sarah Harris  ,2023-05-13,26,  East Kelly  
kelly hunter,11/25/2021,44,  South Erica  
ARIEL ROSE,31-08-2020,36,THOMASLAND
christine contreras,10/10/24,47,  South Heather  
  Stephanie Moore  ,04/22/2022,51,  Kevinfurt  
daniel bradshaw,"January 08, 2024",32,  Stephenstad  
  Mark Smith  ,12/12/23,50,NATASHAMOUTH
ERIN RILEY,01/16/25,58,WEST DONNA
  Emily Scott  ,28 Jun 2021,54,NORTH LORI
martha hall,02-05-2024,56,natalieport
  Curtis Miller  ,2025-01-05,,port clayton
ABIGAIL WOODWARD,"September 15, 2022",42,  Schneiderberg  
JOSEPH PEREZ,18 Mar 2025,59,  New Maureenhaven  
MICHELLE BURNS,30-05-2023,60,new kelsey
christine fernandez md,08/29/2020,29,  Ianfort  
  Seth Silva  ,2023.09.21,24,new john
  Alicia Reyes  ,10/20/2022,,  Rodriguezborough  
  Katherine Kane  ,25 May 2023,58,michaelbury
ashley turner,,28,zacharyfurt
nicholas allen,2021.02.10,26,  Williamshaven  
  Jennifer Martinez  ,09/23/2021,30,  Lindsaytown  
kimberly mendoza,24-09-2023,21,MITCHELLFORT
shaun sanchez,"April 23, 2022",38,  Robertberg  
TIFFANY JONES DVM,2020.06.15,56,  West Frank  
  Chad Wilson  ,2021.07.29,57,  New Jeremiah  
elizabeth moore,07 Jan 2025,,port connietown
william burke,,55,west joseph
cory cooke,,20,south justinside
,,,
,,,
,,,
,,,
,,,
,,,
,,,
,,,
,,,
,,,
